{"type":"FeatureCollection","name":"Black Warrior WMA Zones 2026-27","notes":"Digitized from Outdoor Alabama 2026-27 Black Warrior AREA map colors; clipped to ADCNR WMA boundary. Planning aid \u2014 confirm official AREA PDF.","features":[{"type":"Feature","properties":{"unit":"Black Warrior WMA","unitMatch":"black warrior","wmaZone":"A","color":"#6fa85c","label":"Black Warrior WMA \u00b7 Zone A","lat":34.31755,"lng":-87.41479},"geometry":{"type":"Polygon","coordinates":[[[-87.33783022850669,34.27120581150157],[-87.33555927621724,34.26157945373542],[-87.34266140918784,34.251380098459116],[-87.34260178597873,34.260246724306015],[-87.34693524236438,34.26029501017326],[-87.34701025339092,34.25296365815591],[-87.35227823707741,34.25374661901282],[-87.35277607377414,34.25615256029309],[-87.3557643922868,34.25311723996683],[-87.35567817728577,34.256721210990634],[-87.36000666603064,34.25681028224691],[-87.36064224861434,34.24777937605934],[-87.3667072670701,34.24526734224778],[-87.36549431705748,34.25112707838357],[-87.3685273872172,34.24987117369641],[-87.37034882803032,34.24610263952097],[-87.36792276424603,34.24735896155405],[-87.36904385994285,34.243202208610185],[-87.37095423452192,34.2456860442715],[-87.37468680715207,34.24481819459986],[-87.37507849339862,34.242595102701735],[-87.38143463118519,34.242803398582794],[-87.38148517266633,34.23924074874704],[-87.39015285880897,34.2395158467121],[-87.39032041979515,34.232253755966724],[-87.39675273374677,34.22911011679949],[-87.4121735686604,34.22941798311105],[-87.41209252631917,34.23295407179722],[-87.4207054592434,34.2331896541143],[-87.42078438820306,34.23721904556387],[-87.41665657414529,34.23910806499184],[-87.41645745721999,34.23647459974952],[-87.4100175797978,34.23749158169465],[-87.40917840943335,34.235288715620975],[-87.4116037801322,34.233962387607164],[-87.40180527109268,34.233991039888814],[-87.40614339340843,34.23563719570207],[-87.40311191437172,34.23772863667755],[-87.4090014820231,34.236787441614396],[-87.4091769415883,34.23940344477246],[-87.40675093818459,34.24107806468594],[-87.41036730127371,34.240770896519216],[-87.41018080208049,34.24256729777294],[-87.40735888182354,34.243171762985995],[-87.41281719940415,34.2440112361766],[-87.41353734065683,34.24680187171781],[-87.41160584927536,34.24861488929444],[-87.4140306186761,34.247777485246985],[-87.41366478602764,34.24060475592316],[-87.41697941087625,34.2423818977128],[-87.41706623599913,34.248196187270715],[-87.41841175164784,34.246526543737396],[-87.41979539478943,34.24881331450679],[-87.42049761578801,34.24659784458594],[-87.42313126321571,34.24735878322326],[-87.42209537265212,34.24264926994657],[-87.42495186138297,34.244427846003944],[-87.42737946467051,34.241080510191935],[-87.41999049131547,34.24092426798714],[-87.42106896092753,34.236830523622615],[-87.4286685165341,34.23698899757037],[-87.42677255560314,34.23858916905635],[-87.42861477827093,34.240241883391484],[-87.42879404638602,34.23699060525532],[-87.43819289966656,34.23720398645302],[-87.43818806998476,34.241640327396205],[-87.43162726726251,34.244427869057176],[-87.43818733499559,34.24237611394804],[-87.43818527715723,34.24443618480905],[-87.44261293436121,34.244527484720926],[-87.44240194023075,34.247578429198086],[-87.43930561450321,34.248121791003726],[-87.43830107325823,34.2456860442715],[-87.430544870846,34.25847302692222],[-87.42754399478089,34.257408443822925],[-87.43133317402977,34.25567754756092],[-87.42973269530525,34.254448808320326],[-87.43101848848337,34.248198256413865],[-87.42987115803162,34.25105504809753],[-87.4279849403035,34.24903566046132],[-87.42690352230225,34.25144056717001],[-87.4249534612668,34.25071046855622],[-87.42546694689567,34.26114729772458],[-87.43196647468643,34.26179072852727],[-87.43041384799056,34.26494426821977],[-87.4346599803022,34.264106675990895],[-87.43276341674122,34.26233838729658],[-87.43514541067903,34.25996357276452],[-87.44133254353412,34.26117612833703],[-87.43831603114442,34.25924000443671],[-87.44048703481464,34.25525932675358],[-87.44163694168451,34.2567686529576],[-87.44601040071788,34.25604022150917],[-87.44602297036555,34.25844690517531],[-87.44275240520568,34.25875919466617],[-87.44436816961797,34.260757247982504],[-87.44735652231937,34.25884786089706],[-87.44922184670577,34.261594652029956],[-87.45385580706005,34.258873748679775],[-87.45810974296863,34.259803451156294],[-87.45638361869166,34.262834499425075],[-87.45407551034423,34.26075959089294],[-87.45230548503916,34.26529549639433],[-87.44982855634174,34.26369023129174],[-87.447778322553,34.2687229521549],[-87.45164868524967,34.270806096551944],[-87.45481432980628,34.26788034694745],[-87.46499422809794,34.26913128845703],[-87.46411833637634,34.26634614736873],[-87.47160497807035,34.26494530279135],[-87.46984789251667,34.26201361193865],[-87.46742210121342,34.26287388643248],[-87.47166906866524,34.26011203608664],[-87.47641864401321,34.260264857650725],[-87.47349023214474,34.26326946012487],[-87.47630801635431,34.26311093304494],[-87.47652378032461,34.266619076314676],[-87.48060542104365,34.26909088844275],[-87.48077074777643,34.27206220262312],[-87.48501564608509,34.27206220262312],[-87.48704188450232,34.2674618486797],[-87.48865590390093,34.271224798575666],[-87.49217611646061,34.26540669907296],[-87.4929887981976,34.26868487675587],[-87.49484990498414,34.267472911960255],[-87.4936893684332,34.275177378863205],[-87.49041823213277,34.27512679916502],[-87.49040260855953,34.27878002504844],[-87.49274311247017,34.27929879211131],[-87.48595951202897,34.278429645795384],[-87.49267943388784,34.28301136444172],[-87.49199145872514,34.28528782604892],[-87.48987139231605,34.28546273652552],[-87.49229719628836,34.289761887322776],[-87.48699303758804,34.28953894996505],[-87.48744248462899,34.28588143854925],[-87.48441100559228,34.28295052438316],[-87.48666664913999,34.28731601800379],[-87.4838042959563,34.289647687619635],[-87.48885263756291,34.290168790906996],[-87.49028792664174,34.29338761821513],[-87.48589421785664,34.29331715991299],[-87.48380430471713,34.29509270474043],[-87.48468349667834,34.29693749237517],[-87.48144296997096,34.29687518532963],[-87.48138625049661,34.300503821293],[-87.48622906535704,34.30095264226024],[-87.48581325034378,34.29802276266574],[-87.49212033305193,34.29791042388181],[-87.49108482034882,34.30053411856731],[-87.49290286259193,34.304302436780844],[-87.48503877441654,34.30346588897418],[-87.48413938312105,34.304636116800566],[-87.48733837883834,34.30395572409449],[-87.48895064781047,34.30667543912495],[-87.49221230401511,34.305211424661934],[-87.49168943230146,34.30723357523408],[-87.4838042959563,34.30848927868732],[-87.49378120345996,34.310250999598594],[-87.49191394070782,34.31199573714879],[-87.49764576564002,34.31727246123134],[-87.49836532721969,34.32481865761265],[-87.50018338698445,34.32523735963638],[-87.50037386564789,34.322604896436246],[-87.50261182541217,34.321887720393335],[-87.49979244131877,34.32079223359846],[-87.49957874649164,34.31812149437618],[-87.50613640428233,34.31308671639629],[-87.5054805161186,34.31732449034302],[-87.5020055715862,34.31854047016719],[-87.50482688668536,34.3230807537728],[-87.50200455046395,34.32479759842446],[-87.50570956899489,34.32430459027166],[-87.5061728442426,34.32596928688302],[-87.49957875525246,34.328170164614825],[-87.50188658786769,34.32861851152986],[-87.50273925803029,34.3342844781641],[-87.49472506940384,34.33235736318288],[-87.49290494049592,34.335286208205815],[-87.49789879686813,34.334068470320545],[-87.50928610066723,34.34198544058544],[-87.51171087006796,34.34073140365741],[-87.50625255248735,34.33696101630072],[-87.50814600504057,34.33567540928707],[-87.5114874029308,34.33659709030924],[-87.51353306811905,34.339891930466806],[-87.5152792122007,34.338709363842625],[-87.51737723024301,34.33994296612729],[-87.51640959748921,34.34438209575998],[-87.51903919267976,34.3468394225284],[-87.51924120016665,34.35526390689518],[-87.51325151125117,34.35518238991581],[-87.51347255077604,34.362392183742685],[-87.51170347497968,34.36423091429664],[-87.52074044125668,34.3625153343918],[-87.52083828992322,34.365663871379084],[-87.51811065085776,34.36972355199322],[-87.51337499327654,34.369656865806526],[-87.51339436604627,34.371740779274546],[-87.50200558503553,34.37422756555552],[-87.50744284342785,34.37548263705513],[-87.51022269282109,34.373889435861734],[-87.51008747482206,34.37998699262403],[-87.5050391332154,34.37883121867337],[-87.50443035443627,34.37715847972161],[-87.49957875525246,34.377577003414544],[-87.50079216576358,34.37924992069709],[-87.50896913433824,34.380205281024075],[-87.50891297248813,34.38331710467343],[-87.50439591061286,34.38405138248691],[-87.50617992237615,34.38093350977558],[-87.50321900430748,34.3817642019826],[-87.50261126009993,34.38402988363674],[-87.49586821523722,34.38506423887368],[-87.49472506940384,34.38260160603006],[-87.49452245762619,34.38486096832266],[-87.4909521268083,34.38598794994239],[-87.4905619596537,34.38801495351791],[-87.49308986956228,34.38632054240745],[-87.49588215207122,34.387217711756406],[-87.49587635214026,34.392676371490495],[-87.49411627084535,34.38930043579174],[-87.49117876411157,34.39016774339957],[-87.49040391363114,34.38851555944091],[-87.48893460206423,34.392863831459664],[-87.48501668065667,34.392840652784926],[-87.48562442486423,34.390556944480856],[-87.4880491815959,34.39013643119895],[-87.48807232259641,34.387624995743195],[-87.48501771522825,34.389719540433404],[-87.48477508423832,34.39278023664389],[-87.47975472839019,34.38974428523188],[-87.47625486300873,34.38939145925763],[-87.47210982199893,34.391777391580106],[-87.4692643238812,34.3892998038381],[-87.4682928601297,34.39222834628364],[-87.46472694391403,34.39332300023659],[-87.46742105788101,34.388044554007706],[-87.46135603942525,34.386369924243596],[-87.46101396257288,34.389526315553994],[-87.45407551034423,34.392232026343045],[-87.45645792490059,34.39394230078503],[-87.45585772135202,34.39554394855576],[-87.45224173255998,34.39551362237629],[-87.44988262438326,34.39312119058653],[-87.44012016759457,34.39752502355967],[-87.43890731363487,34.39223177562899],[-87.43587423471433,34.39516266674185],[-87.43460471829262,34.40021106456005],[-87.4310205702956,34.4001868331416],[-87.43372287381052,34.400775306513175],[-87.43423035750483,34.40296022220789],[-87.42771538697544,34.402365444818415],[-87.42713167128309,34.405323171490565],[-87.42426006283036,34.40526158870471],[-87.421944361209,34.40473324982918],[-87.4199477221574,34.401925552789685],[-87.41755030180799,34.403854612843986],[-87.41524450720738,34.40144322015097],[-87.41155368997867,34.40346716422406],[-87.4116037801322,34.399349686979114],[-87.40414148388257,34.4065351212589],[-87.40380466249519,34.40334674941087],[-87.39358783760007,34.4031098667804],[-87.39118743897072,34.4012885302983],[-87.39582932959686,34.40060579305029],[-87.3927974479422,34.399768408782194],[-87.39007791701096,34.40144593795812],[-87.38622403570737,34.39902202328118],[-87.38620770535388,34.39579498288832],[-87.37823628237928,34.39556837041599],[-87.37823681929677,34.39348785864694],[-87.38005485928218,34.39306875400528],[-87.37667925971421,34.39196711410725],[-87.37641414265887,34.389717494801715],[-87.37338314220898,34.394323193551244],[-87.37459657024175,34.388044554007706],[-87.37774848276602,34.38802730875138],[-87.37827785261346,34.38426874318189],[-87.38005487906153,34.38385564295808],[-87.37641669038885,34.38218290400633],[-87.37762907508922,34.38138511813427],[-87.38629796221272,34.38124545682221],[-87.38617215756112,34.3886867792303],[-87.39388390392914,34.388863594781625],[-87.39221220011247,34.39055590990928],[-87.39491954128893,34.388887008683845],[-87.39493545569012,34.39245210979852],[-87.39946958741271,34.39264838545634],[-87.39938494075005,34.38163225492375],[-87.40372089234918,34.381758214740756],[-87.40375636567292,34.378096733367414],[-87.39079117634752,34.3776742776711],[-87.39087011710627,34.373971425065676],[-87.37641669914967,34.37087605855336],[-87.37625731909564,34.36441793921473],[-87.37459552690935,34.36336237212683],[-87.3766447261265,34.35705041686113],[-87.37216868836545,34.35578154818022],[-87.3745270184886,34.355248057029115],[-87.3740622190569,34.351227499944606],[-87.37625301108268,34.34654820697176],[-87.37297109709182,34.34292524589653],[-87.37095630366508,34.343660248680344],[-87.3698629296493,34.340773063343725],[-87.36610262657729,34.34282284463289],[-87.36666489877639,34.34034844174804],[-87.36364271930731,34.33867561266504],[-87.3570019907985,34.3398921087976],[-87.35502130076982,34.33436216613526],[-87.35336172422183,34.33403010213463],[-87.3551400141094,34.33303777612792],[-87.3542681047439,34.330794288040394],[-87.35214830494988,34.33151788999228],[-87.34554661924012,34.326827437123754],[-87.34183217199515,34.331936592016],[-87.33139806292742,34.33198032084547],[-87.32925703375305,34.334031359247554],[-87.33151810818359,34.335286208205815],[-87.32524078985718,34.3341861764707],[-87.32544213514969,34.33271181071222],[-87.32919819039168,34.33275603462761],[-87.32917696659543,34.329124923771175],[-87.33791811434662,34.329238556146876],[-87.33786282953417,34.322058833066556],[-87.31999269424324,34.32272514749402],[-87.32059732597523,34.31644650795048],[-87.31817096545149,34.31393449719215],[-87.3142720790368,34.31566098039364],[-87.3114987593396,34.31435110701949],[-87.31331681034354,34.31267818973694],[-87.30734916023748,34.30763102386171],[-87.30701234729688,34.2996101189914],[-87.31135201312001,34.29969182253047],[-87.3113245595249,34.29246395835122],[-87.30785850152375,34.29216196890514],[-87.31271114403997,34.28753311831281],[-87.31250570235262,34.28095040192367],[-87.30984232540186,34.27834399009193],[-87.31210339983241,34.276251292003536],[-87.3062236412381,34.2756809210056],[-87.30907107183576,34.27415525047757],[-87.30906984289172,34.26955188129312],[-87.3066450822518,34.26955205962391],[-87.3005167317634,34.27917639403649],[-87.29837356683201,34.27776925782678],[-87.29839475030266,34.27413729452811],[-87.3005158493565,34.27287368977956],[-87.3018901078584,34.2749799545219],[-87.30360944514942,34.27206386914833],[-87.30099643608735,34.271981644694904],[-87.3005759167489,34.269970761647635],[-87.29633054918091,34.27122689077205],[-87.29613484777563,34.27852121307979],[-87.29437779753371,34.27940812810854],[-87.29263919892799,34.27848554023464],[-87.29268869148123,34.27248297379],[-87.28909027268574,34.27148857864012],[-87.28844172402941,34.26285282724429],[-87.28546033514623,34.26571419841806],[-87.28187522346737,34.26530696390194],[-87.28055954036796,34.25942972392181],[-87.28419475657759,34.25991984393505],[-87.28298133730564,34.257409700935845],[-87.27892509931083,34.25820582317076],[-87.27812926010168,34.25573491589417],[-87.27388277067001,34.258246926652504],[-87.27678414777688,34.25957797899991],[-87.27376167391331,34.26451036824981],[-87.2720605638581,34.260759317125654],[-87.26970326830653,34.26104010169066],[-87.2708702729176,34.25698996434054],[-87.26842237518542,34.25866580700703],[-87.26781401189295,34.26447660657814],[-87.27024146952176,34.26241099688922],[-87.26842030604226,34.265362970243494],[-87.26547732308444,34.264981371838424],[-87.2653656986741,34.26075828255408],[-87.26384532711776,34.265159714223095],[-87.26034400510608,34.26509071668966],[-87.2647079290487,34.2557870179196],[-87.26269151396565,34.25749443154337],[-87.25783668890263,34.25707584258533],[-87.26158280507636,34.25866499497679],[-87.25887754566861,34.263196138310946],[-87.25628820224529,34.26159631855516],[-87.25689282295875,34.265362970243494],[-87.25291049397545,34.264681698894414],[-87.25271900208496,34.26292268337468],[-87.25628609354342,34.25950154452927],[-87.25698117399376,34.255198026831415],[-87.26295993276783,34.254895145883054],[-87.26356766352605,34.252022954303776],[-87.26772681745081,34.2520684039776],[-87.26778415193876,34.25579845805459],[-87.2851299730337,34.255676874516524],[-87.28949841306617,34.25576078148955],[-87.28844379317258,34.25824503584015],[-87.29147527220928,34.25782633381642],[-87.29147630678087,34.25579870241003],[-87.29390314532476,34.255845164006836],[-87.29331852944865,34.25824607041172],[-87.29450985496074,34.25585639125176],[-87.30176134609837,34.25599274119485],[-87.29908719368086,34.260928806952364],[-87.29451088953232,34.26285282724429],[-87.29451088953232,34.26494426821977],[-87.29754396845286,34.26536294719026],[-87.29979065438495,34.26200529194132],[-87.30482288420072,34.262013354053686],[-87.30644834858983,34.25625392698515],[-87.31584976481874,34.25645371220581],[-87.3158256469402,34.26007674051425],[-87.3114987593396,34.25950321105448],[-87.3112778071631,34.26222373963712],[-87.30603837261583,34.26452556619604],[-87.32023378552857,34.263784476276186],[-87.3199470496422,34.26738920249682],[-87.31577671458743,34.26735852733186],[-87.31570722364118,34.281693383740404],[-87.31383328306919,34.28333878078269],[-87.31570369603908,34.28253866330465],[-87.31513901715545,34.28546066738237],[-87.31938598460727,34.288810283572175],[-87.32112040370333,34.28554542050822],[-87.32688609524162,34.28558214391427],[-87.32727217530335,34.279203265357815],[-87.32656122399669,34.277016093952305],[-87.32453080110704,34.27832547875792],[-87.32456541346231,34.2728924165408],[-87.32015019308756,34.27285977385282],[-87.3201594894775,34.27104433493135],[-87.33783022850669,34.27120581150157]],[[-87.33783022850669,34.27120581150157],[-87.33775357569682,34.2784299391136],[-87.34213809252765,34.27848924599311],[-87.34209851313521,34.282104059661464],[-87.3464811640496,34.28216596451223],[-87.34656321168276,34.27492533004057],[-87.3425252091212,34.27487593300192],[-87.34221722294193,34.27125411468924],[-87.33783022850669,34.27120581150157]],[[-87.26486597507123,34.25528641199665],[-87.26599346749836,34.25447878676976],[-87.26478211736958,34.25447878676976],[-87.26486597507123,34.25528641199665]],[[-87.29026268807752,34.264106675990895],[-87.29086856257331,34.26327152926802],[-87.2902639220805,34.26327152926802],[-87.29026268807752,34.264106675990895]],[[-87.2902639220805,34.26034061510193],[-87.29086856257331,34.260757247982504],[-87.29086856257331,34.26034061510193],[-87.2902639220805,34.26034061510193]],[[-87.29936456662011,34.26745854950528],[-87.29996920711292,34.26787518238586],[-87.29996920711292,34.26745854950528],[-87.29936456662011,34.26745854950528]],[[-87.30300482443596,34.267039847481556],[-87.30361155385128,34.27038779714615],[-87.30421617456474,34.270387394528214],[-87.30542959383669,34.266202443434096],[-87.30300482443596,34.267039847481556]],[[-87.30785850152375,34.25824503584015],[-87.31028455624207,34.25740743052203],[-87.30785898011057,34.257407655304156],[-87.30785850152375,34.25824503584015]],[[-87.31088998056046,34.267037778338405],[-87.30907118150637,34.26620283058063],[-87.30785850152375,34.267037778338405],[-87.31088998056046,34.267037778338405]],[[-87.31210546897557,34.307653943783016],[-87.31271010946838,34.308070576663596],[-87.31271010946838,34.307653943783016],[-87.31210546897557,34.307653943783016]],[[-87.31331841898819,34.271643477546164],[-87.31331728836369,34.270808188748326],[-87.31271217861155,34.270808165695094],[-87.31331841898819,34.271643477546164]],[[-87.31392352874033,34.2804383122408],[-87.31300420270112,34.28079966898451],[-87.31393299297177,34.28090921157508],[-87.31392352874033,34.2804383122408]],[[-87.31331888824752,34.29802379723731],[-87.31392352874033,34.298440430117886],[-87.31392352874033,34.29802379723731],[-87.31331888824752,34.29802379723731]],[[-87.31574365764826,34.30095471140339],[-87.31513901715545,34.30137134428397],[-87.31574365764826,34.30137134428397],[-87.31574365764826,34.30095471140339]],[[-87.31574425159992,34.30807054748462],[-87.31513901715545,34.307653943783016],[-87.31513901715545,34.308070576663596],[-87.31574425159992,34.30807054748462]],[[-87.31574572679142,34.29760302607043],[-87.31756378655618,34.29802379723731],[-87.31574572679142,34.297186393189854],[-87.31574572679142,34.29760302607043]],[[-87.3163524364274,34.29174326688141],[-87.3169570769202,34.29215989976199],[-87.3169570769202,34.29174326688141],[-87.3163524364274,34.29174326688141]],[[-87.31756378655618,34.308070576663596],[-87.3169585521117,34.307653972961994],[-87.31657131946073,34.3078622602233],[-87.31756378655618,34.308070576663596]],[[-87.31756586446016,34.30262762868595],[-87.31877720582813,34.30137341342712],[-87.31817256533532,34.30137341342712],[-87.31756586446016,34.30262762868595]],[[-87.31938598460727,34.29467211190435],[-87.31999061633925,34.29341789664553],[-87.31877927497129,34.29299937295259],[-87.31938598460727,34.29467211190435]],[[-87.32462734075706,34.310854748306305],[-87.32455996295438,34.30722649417306],[-87.32017744649431,34.3071033352119],[-87.32025083639019,34.31072882787291],[-87.32462734075706,34.310854748306305]],[[-87.32120404437202,34.29048716081024],[-87.32059940387921,34.29132249571454],[-87.32120404437202,34.29132249571454],[-87.32120404437202,34.29048716081024]],[[-87.32059940387921,34.29969860533222],[-87.32120404437202,34.30011523821279],[-87.32120404437202,34.29969860533222],[-87.32059940387921,34.29969860533222]],[[-87.32181282315116,34.29509288307123],[-87.32363088291592,34.2955095159518],[-87.32363088291592,34.29509288307123],[-87.32181282315116,34.29509288307123]],[[-87.32302624242311,34.312678368067736],[-87.32363088291592,34.313095000948316],[-87.32363088291592,34.312678368067736],[-87.32302624242311,34.312678368067736]],[[-87.32423966169506,34.30556043366439],[-87.32484430218787,34.30597706654496],[-87.32484430218787,34.30556043366439],[-87.32423966169506,34.30556043366439]],[[-87.32484637133103,34.27248090464685],[-87.32604843165782,34.272037600437834],[-87.32484637133103,34.27206427176627],[-87.32484637133103,34.27248090464685]],[[-87.32605979060298,34.29927990330849],[-87.3266644310958,34.29969653618907],[-87.3266644310958,34.29927990330849],[-87.32605979060298,34.29927990330849]],[[-87.32666650023896,34.29341807497632],[-87.32727320987493,34.29634691999925],[-87.32787785036774,34.29634691999925],[-87.32787783769868,34.294673923162534],[-87.32666650023896,34.29341807497632]],[[-87.32909286952352,34.30388564862271],[-87.32666650023896,34.30555836452124],[-87.32909126963969,34.306814470592414],[-87.32909286952352,34.30388564862271]],[[-87.32909126963969,34.274995185932355],[-87.32676970733806,34.27548442091162],[-87.32909126963969,34.275411818812934],[-87.32909126963969,34.274995185932355]],[[-87.32727320987493,34.31100355997283],[-87.32787785036774,34.311420192853404],[-87.32787785036774,34.31100355997283],[-87.32727320987493,34.31100355997283]],[[-87.33223657050561,34.29692945437464],[-87.33152017732675,34.30095264226024],[-87.33551903330829,34.30024413829379],[-87.33558500092322,34.29659412696454],[-87.32884286813491,34.2946449454248],[-87.32883501323273,34.29645348057382],[-87.33223657050561,34.29692945437464]],[[-87.33091139854761,34.298440430117886],[-87.32909333878285,34.298442499261036],[-87.32909333878285,34.298859132141615],[-87.33091139854761,34.298440430117886]],[[-87.32970004841883,34.28336922640688],[-87.33030468891164,34.28378585928746],[-87.33030468891164,34.28336922640688],[-87.32970004841883,34.28336922640688]],[[-87.32970004841883,34.27876350414589],[-87.33030468891164,34.27918013702647],[-87.33030468891164,34.27876350414589],[-87.32970004841883,34.27876350414589]],[[-87.3303067580548,34.29174326688141],[-87.33091139854761,34.29215989976199],[-87.33091139854761,34.29174326688141],[-87.3303067580548,34.29174326688141]],[[-87.3303067580548,34.289228985595905],[-87.33091180116557,34.28881237249468],[-87.3303067580548,34.288812352715325],[-87.3303067580548,34.289228985595905]],[[-87.33091287373911,34.30430222927108],[-87.33101499255389,34.3038845909979],[-87.33052564108814,34.30409394200977],[-87.33091287373911,34.30430222927108]],[[-87.33151810818359,34.30388562556948],[-87.33144247110319,34.30410327315985],[-87.33151810818359,34.30430225845006],[-87.33151810818359,34.30388562556948]],[[-87.33152017732675,34.27583258997981],[-87.33212481781956,34.276249222860386],[-87.33212481781956,34.27583258997981],[-87.33152017732675,34.27583258997981]],[[-87.33273152745554,34.289231054739055],[-87.3318552644915,34.28931589841227],[-87.33273152745554,34.289647687619635],[-87.33273152745554,34.289231054739055]],[[-87.33394701587065,34.29174326688141],[-87.33455165636346,34.29215989976199],[-87.3345611205949,34.29168900042771],[-87.33394701587065,34.29174326688141]],[[-87.3351604351426,34.29048716081024],[-87.33576566958708,34.29090376451183],[-87.33615290223803,34.29069547725052],[-87.3351604351426,34.29048716081024]],[[-87.3351604351426,34.279600908193345],[-87.33576507563541,34.280017541073924],[-87.33576507563541,34.279600908193345],[-87.3351604351426,34.279600908193345]],[[-87.33697889752531,34.28462324355556],[-87.33637385441455,34.284206630454335],[-87.33637385441455,34.284623263334915],[-87.33697889752531,34.28462324355556]],[[-87.33698009479119,34.29634689694602],[-87.33697896416669,34.29551160814818],[-87.33637385441455,34.29551158509495],[-87.33698009479119,34.29634689694602]],[[-87.33697997009885,34.29090376451183],[-87.33879862381528,34.29048716081024],[-87.3365927374479,34.29069547725052],[-87.33697997009885,34.29090376451183]],[[-87.33879862381528,34.28378792843061],[-87.33792236085124,34.28411971763797],[-87.33879862381528,34.284204561311185],[-87.33879862381528,34.28378792843061]],[[-87.33940740259442,34.26745854950528],[-87.34001204308723,34.26787518238586],[-87.34001204308723,34.26745854950528],[-87.33940740259442,34.26745854950528]],[[-87.33940740259442,34.30430432759321],[-87.34001204308723,34.30472096047378],[-87.34001204308723,34.30430432759321],[-87.33940740259442,34.30430432759321]],[[-87.34001244570518,34.29509079414872],[-87.33940740259442,34.2946741810475],[-87.33940740259442,34.29509081392808],[-87.34001244570518,34.29509079414872]],[[-87.34001411223039,34.261596721173106],[-87.34122546235918,34.262013354053686],[-87.34122546235918,34.261596721173106],[-87.34001411223039,34.261596721173106]],[[-87.34062082186637,34.302210817474574],[-87.34122546235918,34.30262745035515],[-87.34122546235918,34.302210817474574],[-87.34062082186637,34.302210817474574]],[[-87.34062082186637,34.28504403450179],[-87.34122546235918,34.28546066738237],[-87.34122546235918,34.28504403450179],[-87.34062082186637,34.28504403450179]],[[-87.34064188105465,34.29048612623866],[-87.34243888163113,34.29174119773826],[-87.34486572017502,34.289231054739055],[-87.34361643869677,34.29003103857669],[-87.34064188105465,34.29048612623866]],[[-87.345472429811,34.2955095159518],[-87.34095590903111,34.29458726823113],[-87.34417515283738,34.29669592900171],[-87.345472429811,34.2955095159518]],[[-87.34244095077429,34.30556043366439],[-87.3430455912671,34.30597706654496],[-87.3430455912671,34.30556043366439],[-87.34244095077429,34.30556043366439]],[[-87.34486572017502,34.29802172809416],[-87.34434493738388,34.29725608621113],[-87.34426107968221,34.29802172809416],[-87.34486572017502,34.29802172809416]],[[-87.34486778931819,34.30388355642633],[-87.34607912677791,34.30262770824012],[-87.34607913944697,34.30053600937967],[-87.34547449895416,34.30053600937967],[-87.34486778931819,34.30388355642633]],[[-87.34629938005902,34.314937851808345],[-87.345290900296,34.31600041411127],[-87.34632276711744,34.316004170935926],[-87.34629938005902,34.314937851808345]],[[-87.34547450771498,34.28504214368943],[-87.34729462786208,34.289228985595905],[-87.35214623580671,34.289228985595905],[-87.34971939726282,34.284206630454335],[-87.34547450771498,34.28504214368943]],[[-87.35032609813797,34.26368834047938],[-87.34608120859014,34.26327152926802],[-87.34608120859014,34.266200374290946],[-87.35032609813797,34.26368834047938]],[[-87.34729462786208,34.26871465557646],[-87.3478992683549,34.26913128845703],[-87.3478992683549,34.26871465557646],[-87.34729462786208,34.26871465557646]],[[-87.34850804713403,34.29509288307123],[-87.34911475677,34.29634691999925],[-87.35153952617074,34.2955095159518],[-87.35093281653477,34.294255479023775],[-87.34850804713403,34.29509288307123]],[[-87.34971939726282,34.27373701071802],[-87.34972146640598,34.27206427176627],[-87.34911475677,34.27373701071802],[-87.34971939726282,34.27373701071802]],[[-87.35154076017372,34.25699118709354],[-87.35093488567793,34.257407631792695],[-87.35153952617074,34.257407631792695],[-87.35154076017372,34.25699118709354]],[[-87.3515415953139,34.269970761647635],[-87.35214623580671,34.270387394528214],[-87.35214623580671,34.269970761647635],[-87.3515415953139,34.269970761647635]],[[-87.35517978398659,34.26369023129174],[-87.35214830494988,34.26494426821977],[-87.35578649362256,34.265362970243494],[-87.35517978398659,34.26369023129174]],[[-87.35699991289451,34.2741577818849],[-87.35214830494988,34.2741577818849],[-87.35275501458585,34.275411818812934],[-87.35639320325853,34.27666792488411],[-87.35699991289451,34.2741577818849]],[[-87.3539684338578,34.29006845878651],[-87.35457307435061,34.29048509166709],[-87.35457307435061,34.29006845878651],[-87.3539684338578,34.29006845878651]],[[-87.35457514349378,34.26913335760018],[-87.35517978398659,34.26954999048076],[-87.35517978398659,34.26913335760018],[-87.35457514349378,34.26913335760018]],[[-87.35457514349378,34.26117801914938],[-87.35517978398659,34.261594652029956],[-87.35517978398659,34.26117801914938],[-87.35457514349378,34.26117801914938]],[[-87.35639319449771,34.28420473964198],[-87.35518186189057,34.28420645212354],[-87.35518185312975,34.284623263334915],[-87.35639319449771,34.28420473964198]],[[-87.35700198203767,34.260759317125654],[-87.35760662253048,34.26117595000623],[-87.35760662253048,34.260759317125654],[-87.35700198203767,34.260759317125654]],[[-87.35821333216646,34.28294845524001],[-87.35760869167365,34.28253182235943],[-87.35760745767067,34.282948267058586],[-87.35821333216646,34.28294845524001]],[[-87.35821540130962,34.292580670928864],[-87.35882004180243,34.29299730380944],[-87.35882004180243,34.292580670928864],[-87.35821540130962,34.292580670928864]],[[-87.35821540130962,34.26913335760018],[-87.35882004180243,34.26954999048076],[-87.35882004180243,34.26913335760018],[-87.35821540130962,34.26913335760018]],[[-87.35942758657859,34.281692160987404],[-87.36185405924164,34.28127362409187],[-87.36301221249012,34.28077366037658],[-87.36185518986613,34.28043833529403],[-87.35942758657859,34.281692160987404]],[[-87.36306700049343,34.26578356307958],[-87.36127000867778,34.26452660076762],[-87.36003553021754,34.265783741410374],[-87.36124937802307,34.268294918981155],[-87.36306700049343,34.26578356307958]],[[-87.36003553021754,34.29048509166709],[-87.36064017071035,34.29006845878651],[-87.36003553021754,34.29006845878651],[-87.36003553021754,34.29048509166709]],[[-87.36003553021754,34.27750739807471],[-87.36064017071035,34.27792403095529],[-87.36064017071035,34.27750739807471],[-87.36003553021754,34.27750739807471]],[[-87.36064223985352,34.29927783416534],[-87.36124688034633,34.29802379723731],[-87.36064223985352,34.29802379723731],[-87.36064223985352,34.29927783416534]],[[-87.36173280780264,34.24829707832206],[-87.36064223985352,34.24987099536562],[-87.3643500759322,34.24736376679977],[-87.36173280780264,34.24829707832206]],[[-87.3618535899823,34.269968692504484],[-87.3613337054692,34.269597529255016],[-87.36124688034633,34.269968692504484],[-87.3618535899823,34.269968692504484]],[[-87.3612489494895,34.25908450903075],[-87.3618535899823,34.25950114191133],[-87.3618535899823,34.25908450903075],[-87.3612489494895,34.25908450903075]],[[-87.3618535899823,34.28336922640688],[-87.3612489494895,34.284204561311185],[-87.3618535899823,34.284204561311185],[-87.3618535899823,34.28336922640688]],[[-87.36125823929149,34.29171659555298],[-87.3618535899823,34.29215989976199],[-87.3618535899823,34.29174326688141],[-87.36125823929149,34.29171659555298]],[[-87.36246236876144,34.25657229688839],[-87.36306700925425,34.256988929768966],[-87.36306700925425,34.25657229688839],[-87.36246236876144,34.25657229688839]],[[-87.36246236876144,34.25406008474603],[-87.36306700925425,34.25447671762661],[-87.36315932406858,34.25408846122707],[-87.36246236876144,34.25406008474603]],[[-87.36306824325723,34.27667018220868],[-87.36246236876144,34.27708662690784],[-87.36306700925425,34.27708662690784],[-87.36306824325723,34.27667018220868]],[[-87.36306907839742,34.293836777000045],[-87.36367371889023,34.294253409880625],[-87.36367371889023,34.293836777000045],[-87.36306907839742,34.293836777000045]],[[-87.36488712940135,34.28043813391],[-87.36367538541543,34.28127362736574],[-87.36488712940135,34.28085512345217],[-87.36488712940135,34.28043813391]],[[-87.36367578803339,34.28378792843061],[-87.3642804285262,34.284204561311185],[-87.3642804285262,34.28378792843061],[-87.36367578803339,34.28378792843061]],[[-87.37607953408094,34.27884834781911],[-87.37275652851365,34.27898268829584],[-87.3727631324218,34.27532123766333],[-87.36523105648787,34.2784480616273],[-87.36403980809241,34.276492447663415],[-87.3640236607955,34.27882202041553],[-87.36839009123396,34.278902432173915],[-87.36802596258431,34.28302105733869],[-87.37501751022505,34.282662224946264],[-87.3768024478483,34.28106533070481],[-87.37607953408094,34.27884834781911]],[[-87.36428249766936,34.25322268069858],[-87.36488713816217,34.25363931357916],[-87.36488713816217,34.25322268069858],[-87.36428249766936,34.25322268069858]],[[-87.36508411183723,34.275974155928594],[-87.36610055743412,34.27666792488411],[-87.36428249766936,34.275413887956084],[-87.36508411183723,34.275974155928594]],[[-87.36488920730534,34.256153594864664],[-87.3654099900965,34.25691923674774],[-87.36549384779815,34.256153594864664],[-87.36488920730534,34.256153594864664]],[[-87.36557977464297,34.25747939395707],[-87.36549591694131,34.25824503584015],[-87.36610055743412,34.25824503584015],[-87.36557977464297,34.25747939395707]],[[-87.36792067758122,34.28504214368943],[-87.36670934497408,34.285043856170994],[-87.36670933621326,34.28546066738237],[-87.36792067758122,34.28504214368943]],[[-87.36731604584924,34.26327152926802],[-87.36792068634205,34.26368816214859],[-87.36792068634205,34.26327152926802],[-87.36731604584924,34.26327152926802]],[[-87.36862425407196,34.25335962628516],[-87.36866367859867,34.256990714845855],[-87.37296794199355,34.255253700705005],[-87.3729438538806,34.253440021544996],[-87.36862425407196,34.25335962628516]],[[-87.37398778270179,34.262434125220565],[-87.36913617475716,34.26117801914938],[-87.36974290072202,34.26452589857836],[-87.37212088858661,34.26370567877618],[-87.37338107306581,34.265362970243494],[-87.37398778270179,34.262434125220565]],[[-87.37095423452192,34.266202443434096],[-87.36974288439313,34.267037778338405],[-87.3709542257611,34.26661925464547],[-87.37095423452192,34.266202443434096]],[[-87.37338314220898,34.24945436248504],[-87.37398778270179,34.24987099536562],[-87.37398778270179,34.24945436248504],[-87.37338314220898,34.24945436248504]],[[-87.37398901670477,34.290903605509385],[-87.37338314220898,34.29048716081024],[-87.37338314220898,34.29090379369081],[-87.37398901670477,34.290903605509385]],[[-87.37459656148093,34.28588143854925],[-87.37520120197374,34.28629807142982],[-87.37520120197374,34.28588143854925],[-87.37459656148093,34.28588143854925]],[[-87.37580791160971,34.29257860178571],[-87.37520203711392,34.291743455062836],[-87.3752032711169,34.29257860178571],[-87.37580791160971,34.29257860178571]],[[-87.38430184651335,34.25406008474603],[-87.37884343617242,34.25447879132678],[-87.37520327987772,34.255733002028585],[-87.37762850977697,34.25698890671573],[-87.37823681929677,34.25531619081721],[-87.38369513687738,34.25531412167406],[-87.38430184651335,34.25406008474603]],[[-87.37641669038885,34.24694008119953],[-87.37641462124569,34.24526734224778],[-87.37571766593857,34.24529571872882],[-87.37641669038885,34.24694008119953]],[[-87.37578685242143,34.28923002016748],[-87.3758089461813,34.289697864485966],[-87.37594655276277,34.28964872219121],[-87.37578685242143,34.28923002016748]],[[-87.37641669038885,34.265783741410374],[-87.37702340002483,34.26871258643331],[-87.37948257001852,34.26970388028259],[-87.37944863868489,34.272480881593616],[-87.38005487906153,34.267039847481556],[-87.37641669038885,34.265783741410374]],[[-87.37641669038885,34.26034061510193],[-87.37702133088166,34.260757247982504],[-87.37702133088166,34.26034061510193],[-87.37641669038885,34.26034061510193]],[[-87.37835583814949,34.26576647432099],[-87.37884145978958,34.262434125220565],[-87.37641669038885,34.26327152926802],[-87.37835583814949,34.26576647432099]],[[-87.37700038245193,34.29006742421493],[-87.37762804051764,34.29048509166709],[-87.37762804051764,34.29006845878651],[-87.37700038245193,34.29006742421493]],[[-87.37762804051764,34.27876143500274],[-87.37702133088166,34.27834480212217],[-87.37702136227973,34.27876079588043],[-87.37762804051764,34.27876143500274]],[[-87.37702251940303,34.38846119331123],[-87.37728155936423,34.38840966705926],[-87.37710703810919,34.388435554842],[-87.37702251940303,34.38846119331123]],[[-87.37702340002483,34.2867188425967],[-87.37762804051764,34.28713547547727],[-87.37762804051764,34.2867188425967],[-87.37702340002483,34.2867188425967]],[[-87.3781447017169,34.27328127544063],[-87.37702340002483,34.27248297379],[-87.37702340002483,34.27289960667057],[-87.3781447017169,34.27328127544063]],[[-87.37724228305818,34.28106533070481],[-87.37823475015361,34.2812736471451],[-87.37827975497775,34.28092032422055],[-87.37724228305818,34.28106533070481]],[[-87.38430184651335,34.389717471290254],[-87.38187500796946,34.3880447323385],[-87.37740777925842,34.388477730445246],[-87.38430184651335,34.389717471290254]],[[-87.3776301096608,34.275411818812934],[-87.37884249436117,34.274178841073095],[-87.37841517337084,34.27321233527312],[-87.3776301096608,34.275411818812934]],[[-87.3805583815984,34.39090304440591],[-87.38009295035012,34.39149736858428],[-87.3806615886975,34.39139227938516],[-87.3805583815984,34.39090304440591]],[[-87.38127036747665,34.27834480212217],[-87.38066367050973,34.27960065030838],[-87.38066365784067,34.28169234916883],[-87.38187582873151,34.281692308847376],[-87.38127036747665,34.27834480212217]],[[-87.38187707711262,34.39348785864694],[-87.38248171760543,34.393904491527515],[-87.38248171760543,34.39348785864694],[-87.38187707711262,34.39348785864694]],[[-87.3824837867486,34.252385276651125],[-87.38308794865459,34.252803955163394],[-87.3830884272414,34.252385276651125],[-87.3824837867486,34.252385276651125]],[[-87.3824837867486,34.24987306450877],[-87.3830884272414,34.25028969738934],[-87.3830884272414,34.24987306450877],[-87.3824837867486,34.24987306450877]],[[-87.3824837867486,34.243171762985995],[-87.38307913743941,34.24272845877698],[-87.3824837867486,34.242755130105415],[-87.3824837867486,34.243171762985995]],[[-87.38430184651335,34.28294845524001],[-87.38299727237747,34.282141772617365],[-87.38309049638457,34.28294845524001],[-87.38430184651335,34.28294845524001]],[[-87.3843038944045,34.23982464853416],[-87.38369617144896,34.23984527512753],[-87.38369684629909,34.24066149534528],[-87.3843038944045,34.23982464853416]],[[-87.38370649582254,34.241523626219525],[-87.38672868505725,34.24024084881991],[-87.38672868505725,34.239824215939336],[-87.38490857740135,34.23982464853416],[-87.38370649582254,34.241523626219525]],[[-87.38490855614933,34.394323193551244],[-87.38430391565652,34.393906560670665],[-87.38430391565652,34.394323193551244],[-87.38490855614933,34.394323193551244]],[[-87.38491062529249,34.26410893331547],[-87.3855152657853,34.26452556619604],[-87.3855152657853,34.26410893331547],[-87.38491062529249,34.26410893331547]],[[-87.38551733492847,34.24652344831895],[-87.38612197542128,34.24694008119953],[-87.38612197542128,34.24652344831895],[-87.38551733492847,34.24652344831895]],[[-87.3867518133887,34.29006742421493],[-87.38672956567902,34.290487332718094],[-87.38722578169931,34.29006742421493],[-87.3867518133887,34.29006742421493]],[[-87.38733539469322,34.25782633381642],[-87.38703307444682,34.25721127572349],[-87.38673075420041,34.25782633381642],[-87.38733539469322,34.25782633381642]],[[-87.3879421043292,34.252385276651125],[-87.38673076686948,34.25531593293225],[-87.38703307444682,34.255931248910144],[-87.38854881396517,34.25531412167406],[-87.3879421043292,34.252385276651125]],[[-87.38794417347236,34.28378792843061],[-87.38854881396517,34.284204561311185],[-87.38854881396517,34.28378792843061],[-87.38794417347236,34.28378792843061]],[[-87.38915759274431,34.26913128845703],[-87.38976223323712,34.267039847481556],[-87.38915759274431,34.267039847481556],[-87.38915759274431,34.26913128845703]],[[-87.38976430238029,34.393904491527515],[-87.3903689428731,34.39181305055204],[-87.38915759274431,34.39181305055204],[-87.38976430238029,34.393904491527515]],[[-87.39051027952989,34.25543126748196],[-87.39488244780736,34.254901456056196],[-87.39471996747022,34.251204826440954],[-87.39034762280743,34.25106122140777],[-87.39051027952989,34.25543126748196]],[[-87.39055143805835,34.25660385602168],[-87.39240334968456,34.25785821248884],[-87.39239716659799,34.256679613927815],[-87.39055143805835,34.25660385602168]],[[-87.39097772165223,34.265365039386644],[-87.39158236214504,34.265781672267224],[-87.39158236214504,34.265365039386644],[-87.39097772165223,34.265365039386644]],[[-87.39158443128821,34.24568397512835],[-87.39340249105297,34.2448465710809],[-87.39340249105297,34.243173832129145],[-87.39158443128821,34.24568397512835]],[[-87.39218907178102,34.27876350414589],[-87.39158443128821,34.27918013702647],[-87.39218907178102,34.27918013702647],[-87.39218907178102,34.27876350414589]],[[-87.39218907178102,34.24903566046132],[-87.39158443128821,34.25070839941307],[-87.39218907178102,34.25070839941307],[-87.39218907178102,34.24903566046132]],[[-87.39219114092418,34.29006845878651],[-87.392795781417,34.29048509166709],[-87.392795781417,34.29006845878651],[-87.39219114092418,34.29006845878651]],[[-87.3934029603123,34.27248299684323],[-87.39401080057277,34.27373698766479],[-87.39461591032492,34.27373701071802],[-87.3934029603123,34.27248299684323]],[[-87.39279785056016,34.23731200379697],[-87.39463903865636,34.241079287438936],[-87.39691281674128,34.23825464413494],[-87.40068300668466,34.238147338701275],[-87.40068300668466,34.23312498355971],[-87.39522421984472,34.233125006612944],[-87.3940112698321,34.23437902048774],[-87.39623549659835,34.23463187033749],[-87.39643603923284,34.2368912326301],[-87.39279785056016,34.23731200379697]],[[-87.39582932959686,34.27876143500274],[-87.3940112698321,34.27876350414589],[-87.3940112698321,34.27918013702647],[-87.39582932959686,34.27876143500274]],[[-87.39461797946808,34.266202443434096],[-87.39513876225922,34.26696808531713],[-87.39522261996089,34.266202443434096],[-87.39461797946808,34.266202443434096]],[[-87.4012917854638,34.4031159360495],[-87.40371655486453,34.40060579305029],[-87.39936443430466,34.39934030854796],[-87.39933974276683,34.39611566398536],[-87.39495177454464,34.396014458763496],[-87.39496769470504,34.399579555704456],[-87.39905743266188,34.39967360275781],[-87.4012917854638,34.4031159360495]],[[-87.39522468910405,34.243173832129145],[-87.39652835404716,34.243562088528684],[-87.39643603923284,34.243173832129145],[-87.39522468910405,34.243173832129145]],[[-87.39530854680572,34.26752824252655],[-87.39522468910405,34.26829388440958],[-87.39582932959686,34.26829388440958],[-87.39530854680572,34.26752824252655]],[[-87.39582932959686,34.39348578950379],[-87.39522468910405,34.39306915662321],[-87.39522468910405,34.39348578950379],[-87.39582932959686,34.39348578950379]],[[-87.39764945850479,34.29048509166709],[-87.39583139874003,34.29006845878651],[-87.39583139874003,34.29048509166709],[-87.39764945850479,34.29048509166709]],[[-87.39764945850479,34.28671677345355],[-87.39583139874003,34.28630014057297],[-87.39583139874003,34.28671677345355],[-87.39764945850479,34.28671677345355]],[[-87.39704481801198,34.27415571274175],[-87.3976401687028,34.27371240853274],[-87.39704481801198,34.27373907986117],[-87.39704481801198,34.27415571274175]],[[-87.39825616814076,34.2440112361766],[-87.39765152764795,34.244427869057176],[-87.39825616814076,34.244427869057176],[-87.39825616814076,34.2440112361766]],[[-87.39826752708592,34.27250757597528],[-87.39886287777674,34.27206427176627],[-87.39825823728393,34.27206427176627],[-87.39826752708592,34.27250757597528]],[[-87.40068382744671,34.25950325137593],[-87.39886495568072,34.25992173474741],[-87.3988649469199,34.261594652029956],[-87.3994716653167,34.25992173474741],[-87.40068382744671,34.25950325137593]],[[-87.39947165655587,34.270387394528214],[-87.4012917854638,34.270389463671364],[-87.39947165655587,34.269970761647635],[-87.39947165655587,34.270387394528214]],[[-87.40007628828786,34.39097375569222],[-87.39947165655587,34.390556944480856],[-87.39955551425753,34.391322586363934],[-87.40007628828786,34.39097375569222]],[[-87.40007836619185,34.25405801560288],[-87.40068300668466,34.2519665746274],[-87.40007836619185,34.2519665746274],[-87.40007836619185,34.25405801560288]],[[-87.40007836619185,34.2448465710809],[-87.40115366749934,34.244428091276035],[-87.40007836619185,34.24442993820033],[-87.40007836619185,34.2448465710809]],[[-87.40250520473575,34.24735878322326],[-87.40492996537566,34.246102855482874],[-87.40371655486453,34.2440112361766],[-87.40084833341744,34.244806171066614],[-87.40250520473575,34.24735878322326]],[[-87.40189849509977,34.27289960667057],[-87.40349767183118,34.27101648213538],[-87.40165304724866,34.27080713112352],[-87.40189849509977,34.27289960667057]],[[-87.40189849509977,34.28504403450179],[-87.40250313559258,34.28546066738237],[-87.40250313559258,34.28504403450179],[-87.40189849509977,34.28504403450179]],[[-87.40371655486453,34.25657229688839],[-87.40311191437172,34.25782633381642],[-87.40371655486453,34.25782633381642],[-87.40371655486453,34.25657229688839]],[[-87.4037186240077,34.24024291796306],[-87.40553668377245,34.24233435893854],[-87.40492997413648,34.24024291796306],[-87.4037186240077,34.24024291796306]],[[-87.4043232645005,34.3951605975987],[-87.4037186240077,34.394743964718124],[-87.4037186240077,34.3951605975987],[-87.4043232645005,34.3951605975987]],[[-87.40393750704105,34.27101648213538],[-87.40492997413648,34.271224798575666],[-87.40492068433448,34.27078149436666],[-87.40393750704105,34.27101648213538]],[[-87.40493204327964,34.262434125220565],[-87.40553668377245,34.26285075810114],[-87.40553668377245,34.262434125220565],[-87.40493204327964,34.262434125220565]],[[-87.40554804271761,34.2695766618092],[-87.40614339340843,34.26913335760018],[-87.40553875291562,34.26913335760018],[-87.40554804271761,34.2695766618092]],[[-87.40614547888048,34.25322094393775],[-87.4067501030444,34.252803978674855],[-87.40614546255159,34.252803978674855],[-87.40614547888048,34.25322094393775]],[[-87.40660396999154,34.25504480118302],[-87.406447782798,34.25469906358115],[-87.40614546255159,34.25531412167406],[-87.40660396999154,34.25504480118302]],[[-87.4067501030444,34.3888800672428],[-87.40614546255159,34.38846343436222],[-87.40614546255159,34.3888800672428],[-87.4067501030444,34.3888800672428]],[[-87.40978365122427,34.261594652029956],[-87.40857070121166,34.260759340178886],[-87.40675217218757,34.260759317125654],[-87.40978365122427,34.261594652029956]],[[-87.40735889058436,34.24819807808307],[-87.40857023195233,34.24987099536562],[-87.41039036086025,34.24610474629523],[-87.40917901073146,34.24610474629523],[-87.40735889058436,34.24819807808307]],[[-87.40796559145952,34.275413887956084],[-87.40834034013353,34.27625025743196],[-87.40857023195233,34.275413887956084],[-87.40796559145952,34.275413887956084]],[[-87.40857023195233,34.394323193551244],[-87.40796559145952,34.393906560670665],[-87.40796559145952,34.394323193551244],[-87.40857023195233,34.394323193551244]],[[-87.40857023195233,34.27750532893156],[-87.4081954832783,34.276668959455684],[-87.40796559145952,34.27750532893156],[-87.40857023195233,34.27750532893156]],[[-87.41039036086025,34.28588143854925],[-87.40978572036744,34.28797287952472],[-87.41039036086025,34.28797287952472],[-87.41039036086025,34.28588143854925]],[[-87.41039243000341,34.27415571274175],[-87.41039036086025,34.27290167581372],[-87.40978572036744,34.27290167581372],[-87.41039243000341,34.27415571274175]],[[-87.41221255891134,34.38301823891063],[-87.41221048976817,34.381345499958876],[-87.41099913963939,34.381345499958876],[-87.41221255891134,34.38301823891063]],[[-87.41221048100735,34.39097546817379],[-87.41099914840021,34.39097375569223],[-87.41221048976817,34.39139227938516],[-87.41221048100735,34.39097546817379]],[[-87.41221255891134,34.28588143854925],[-87.41281719940415,34.28629807142982],[-87.41281719940415,34.28588143854925],[-87.41221255891134,34.28588143854925]],[[-87.41342597818328,34.2582471049833],[-87.41463939745523,34.262013354053686],[-87.41524403794804,34.262013354053686],[-87.41524402527898,34.26075905924069],[-87.41342597818328,34.2582471049833]],[[-87.4140306186761,34.389717471290254],[-87.41342597818328,34.389300838409675],[-87.41342597818328,34.389717471290254],[-87.4140306186761,34.389717471290254]],[[-87.41403145381628,34.383857900282656],[-87.41463732831207,34.38427434498181],[-87.41463732831207,34.38385771210123],[-87.41403145381628,34.383857900282656]],[[-87.41403268781926,34.399347617835964],[-87.41463732831207,34.39851228293166],[-87.41403268781926,34.39851228293166],[-87.41403268781926,34.399347617835964]],[[-87.41403268781926,34.267039847481556],[-87.41463732831207,34.265783741410374],[-87.41403268781926,34.265783741410374],[-87.41403268781926,34.267039847481556]],[[-87.41403268781926,34.25573489284094],[-87.41463732831207,34.25615152572151],[-87.41463732831207,34.25573489284094],[-87.41403268781926,34.25573489284094]],[[-87.41413383340617,34.267505526696496],[-87.41463732831207,34.26829388440958],[-87.41453618272516,34.267505526696496],[-87.41413383340617,34.267505526696496]],[[-87.41585234746785,34.38804264014212],[-87.41585121684335,34.38720735134428],[-87.4152461070912,34.38720732829105],[-87.41585234746785,34.38804264014212]],[[-87.4152461070912,34.27206427176627],[-87.41585074758402,34.27289960667057],[-87.41585074758402,34.27206427176627],[-87.4152461070912,34.27206427176627]],[[-87.41561921488153,34.381925003905664],[-87.4152461070912,34.38218083486318],[-87.41585242183656,34.38218091208455],[-87.41561921488153,34.381925003905664]],[[-87.41585074758402,34.279600908193345],[-87.4152461070912,34.2812736471451],[-87.41585074758402,34.2812736471451],[-87.41585074758402,34.279600908193345]],[[-87.41761169150644,34.28923479772904],[-87.41645952636316,34.29090586283396],[-87.41645849179157,34.29119843548505],[-87.41853357879143,34.290232614319876],[-87.41761169150644,34.28923479772904]],[[-87.41767087649194,34.385111749029264],[-87.41706623599913,34.384695116148684],[-87.41706623599913,34.385111749029264],[-87.41767087649194,34.385111749029264]],[[-87.41827758612791,34.38846136521907],[-87.41827965527108,34.38720732829105],[-87.41740132316387,34.388129576011714],[-87.41827758612791,34.38846136521907]],[[-87.4176729456351,34.28755624664415],[-87.41804769430912,34.28839261612003],[-87.41827758612791,34.28755624664415],[-87.4176729456351,34.28755624664415]],[[-87.4176729456351,34.280019610217074],[-87.41827758612791,34.28043624309765],[-87.41827758612791,34.280019610217074],[-87.4176729456351,34.280019610217074]],[[-87.4176729456351,34.26829595355273],[-87.41827758612791,34.26871258643331],[-87.41827758612791,34.26829595355273],[-87.4176729456351,34.26829595355273]],[[-87.4176729456351,34.233543685583435],[-87.41827758612791,34.233960318464014],[-87.41827758612791,34.233543685583435],[-87.4176729456351,34.233543685583435]],[[-87.42070640105464,34.27332038239447],[-87.41888438852422,34.27541181425591],[-87.42131236831077,34.273320566018874],[-87.42070640105464,34.27332038239447]],[[-87.41949100539986,34.289649756762785],[-87.41874704550762,34.29011661005103],[-87.41949100539986,34.29006638964336],[-87.41949100539986,34.289649756762785]],[[-87.41951413373131,34.254896454221914],[-87.42009770236677,34.254478528884796],[-87.41888636490705,34.25322268069858],[-87.41951413373131,34.254896454221914]],[[-87.41979539478943,34.25009334132014],[-87.4219183132031,34.25070837635984],[-87.42252455357973,34.24945436248504],[-87.41979539478943,34.25009334132014]],[[-87.42009979293982,34.26829577522194],[-87.42252455357973,34.26745648036213],[-87.42252455357973,34.267039847481556],[-87.42009979293982,34.26829577522194]],[[-87.42131113430779,34.3968354056936],[-87.42070649381498,34.39641877281303],[-87.42070649381498,34.3968354056936],[-87.42131113430779,34.3968354056936]],[[-87.42191991308692,34.28336922640688],[-87.42252455357973,34.28378585928746],[-87.42252455357973,34.28336922640688],[-87.42191991308692,34.28336922640688]],[[-87.42313126321571,34.269970761647635],[-87.42252538871992,34.272480716465424],[-87.42312197341371,34.27250757597528],[-87.42313126321571,34.269970761647635]],[[-87.42313124343636,34.27918180355168],[-87.4225266227229,34.280017541073924],[-87.42313126321571,34.280017541073924],[-87.42313124343636,34.27918180355168]],[[-87.42313126321571,34.40227853200205],[-87.4225266227229,34.40186189912147],[-87.4225266227229,34.40227853200205],[-87.42313126321571,34.40227853200205]],[[-87.42373797285168,34.27708869605099],[-87.42323653945797,34.27757793103024],[-87.42373797285168,34.27750532893156],[-87.42373797285168,34.27708869605099]],[[-87.42374004199485,34.27415571274175],[-87.42461630495889,34.27382392353439],[-87.42374933179684,34.27371240853274],[-87.42374004199485,34.27415571274175]],[[-87.42374004199485,34.261596721173106],[-87.42434468248766,34.262013354053686],[-87.42443705617445,34.26162498751149],[-87.42374004199485,34.261596721173106]],[[-87.42495139212363,34.40520944616813],[-87.42434675163082,34.40479281328756],[-87.42434675163082,34.40520944616813],[-87.42495139212363,34.40520944616813]],[[-87.4255581017596,34.39809151176478],[-87.4249534612668,34.3976748788842],[-87.4249534612668,34.39809151176478],[-87.4255581017596,34.39809151176478]],[[-87.42523216673229,34.383576534851294],[-87.4255581017596,34.38385564295808],[-87.42555872476179,34.383451691577974],[-87.42523216673229,34.383576534851294]],[[-87.42616481139558,34.40018709102657],[-87.42616641127941,34.40227850894882],[-87.42704314350279,34.402193688328836],[-87.42616481139558,34.40018709102657]],[[-87.42556018723165,34.27708695929016],[-87.42980506921143,34.27666792488411],[-87.42919835957545,34.27332037783745],[-87.42555976828481,34.27332039761681],[-87.4279849403035,34.275413887956084],[-87.42556018723165,34.27708695929016]],[[-87.42556017090277,34.28336922640688],[-87.42677152103155,34.28378585928746],[-87.42677275503453,34.28336941458831],[-87.42556017090277,34.28336922640688]],[[-87.42556017090277,34.28839158154845],[-87.42858236013748,34.28674344478198],[-87.43007669168266,34.28471017615128],[-87.42556018723165,34.285462404143196],[-87.42556017090277,34.28839158154845]],[[-87.4257673748577,34.278647952305214],[-87.42556017090277,34.2812736471451],[-87.42980504943208,34.27959924166813],[-87.42689260902743,34.27958364110396],[-87.4257673748577,34.278647952305214]],[[-87.42677152103155,34.38762396117162],[-87.42616688053874,34.38720732829105],[-87.42616688053874,34.38762396117162],[-87.42677152103155,34.38762396117162]],[[-87.42616688053874,34.267039847481556],[-87.42677152103155,34.26745648036213],[-87.42677152103155,34.267039847481556],[-87.42616688053874,34.267039847481556]],[[-87.42798540956284,34.39851019073528],[-87.42851953076176,34.39730830193914],[-87.42738030857151,34.39809340257714],[-87.42798540956284,34.39851019073528]],[[-87.43041177008658,34.28169252749962],[-87.42809021654577,34.281621816213296],[-87.42798577544369,34.28252956503486],[-87.43041177008658,34.28169252749962]],[[-87.43284068653446,34.390138242457134],[-87.4286775767843,34.39680769601619],[-87.43587216557117,34.39181305055204],[-87.43284068653446,34.390138242457134]],[[-87.42920042871862,34.242755130105415],[-87.42980506921143,34.243590465009724],[-87.42980506921143,34.242755130105415],[-87.42920042871862,34.242755130105415]],[[-87.42980506921143,34.28797494866787],[-87.42920042871862,34.288810283572175],[-87.42980506921143,34.288810283572175],[-87.42980506921143,34.28797494866787]],[[-87.4304117788474,34.38678655712417],[-87.42980713835459,34.386369924243596],[-87.42980713835459,34.38678655712417],[-87.4304117788474,34.38678655712417]],[[-87.43102015500858,34.28420665023369],[-87.43162726726251,34.285879369406096],[-87.43223190775532,34.285879369406096],[-87.43102015500858,34.28420665023369]],[[-87.43162726726251,34.239824215939336],[-87.43223190775532,34.24024084881991],[-87.43223190775532,34.239824215939336],[-87.43162726726251,34.239824215939336]],[[-87.43223190775532,34.38050602676827],[-87.43162726726251,34.380089393887694],[-87.43162726726251,34.38050602676827],[-87.43223190775532,34.38050602676827]],[[-87.43405203666325,34.27248090464685],[-87.43405203666325,34.26829595355273],[-87.43344739617044,34.26829595355273],[-87.43162726726251,34.271224798575666],[-87.43405203666325,34.27248090464685]],[[-87.43344739617044,34.28085701426453],[-87.4352654559352,34.2812736471451],[-87.4352654559352,34.28085701426453],[-87.43344739617044,34.28085701426453]],[[-87.43405410580641,34.24024084881991],[-87.43587215681035,34.23940362310325],[-87.43587216557117,34.23898681189188],[-87.43526705581903,34.23898683494511],[-87.43405410580641,34.24024084881991]],[[-87.43466081544238,34.266202443434096],[-87.4352654559352,34.266619076314676],[-87.43527492016663,34.266148176980394],[-87.43466081544238,34.266202443434096]],[[-87.4346608242032,34.382181013193964],[-87.4352654559352,34.3817642019826],[-87.43466081544238,34.3817642019826],[-87.4346608242032,34.382181013193964]],[[-87.43587215681035,34.38343883174672],[-87.43526752507836,34.38678655712417],[-87.43587216557117,34.38678655712417],[-87.43587215681035,34.38343883174672]],[[-87.43587320014275,34.26495048080388],[-87.43647934446648,34.26536294719026],[-87.43708558484312,34.26452763533919],[-87.43587320014275,34.26495048080388]],[[-87.43708605410245,34.37673980075112],[-87.43708718472695,34.377575089548955],[-87.43769229447909,34.37757511260219],[-87.43708605410245,34.37673980075112]],[[-87.43769269709705,34.273736990938666],[-87.43708765398628,34.27332037783745],[-87.43708765398628,34.27373701071802],[-87.43769269709705,34.273736990938666]],[[-87.43769436362226,34.27918013702647],[-87.43961288687709,34.277939231479415],[-87.43890769013387,34.277926104655464],[-87.43769436362226,34.27918013702647]],[[-87.43951251614735,34.272901680370744],[-87.44012115492622,34.27415601505826],[-87.4405638239666,34.27424107275525],[-87.43951251614735,34.272901680370744]],[[-87.4415131741661,34.275840652092164],[-87.44012122058572,34.27624959779959],[-87.44124869459327,34.277854337934016],[-87.44219961075979,34.27583155540823],[-87.4421502638669,34.281754465114304],[-87.44650971073669,34.28204254112625],[-87.44659218827893,34.266643820719615],[-87.44222199295196,34.266524974278056],[-87.4415131741661,34.275840652092164]],[[-87.44071671674128,34.27374294233443],[-87.44080123544742,34.27376858080364],[-87.44070490913315,34.273738051463],[-87.44071671674128,34.27374294233443]],[[-87.44133255229494,34.38176213283945],[-87.44072791180213,34.381345499958876],[-87.44072791180213,34.38176213283945],[-87.44133255229494,34.38176213283945]],[[-87.4413346214381,34.38804266319535],[-87.44193926193091,34.384695116148684],[-87.4413346214381,34.384695116148684],[-87.4413346214381,34.38804266319535]],[[-87.44193926193091,34.27918013702647],[-87.44141847913977,34.27841449514344],[-87.4413346214381,34.27918013702647],[-87.44193926193091,34.27918013702647]],[[-87.44193953571322,34.25824690981335],[-87.4413346214381,34.25866373786388],[-87.442253778977,34.258608349138704],[-87.44193953571322,34.25824690981335]],[[-87.44315475034603,34.367107562009025],[-87.44375948359917,34.36669093368547],[-87.44315475034603,34.366690929128445],[-87.44315475034603,34.367107562009025]],[[-87.44315475034603,34.28253182235943],[-87.443761459982,34.28504196535864],[-87.44533591679225,34.28506245271543],[-87.4452233298049,34.284127843101814],[-87.44315475034603,34.28253182235943]],[[-87.4441079411353,34.364124949683124],[-87.44376057936036,34.36417647593504],[-87.44436698109645,34.36417647593504],[-87.4441079411353,34.364124949683124]],[[-87.44737091351809,34.26327683403821],[-87.44558158888992,34.26327152926802],[-87.44442383019627,34.26577101169368],[-87.44618622938273,34.265781672267224],[-87.44737091351809,34.26327683403821]],[[-87.44497327937012,34.36752835622914],[-87.44558111963059,34.368363645026974],[-87.44618622938273,34.36836366808021],[-87.44497327937012,34.36752835622914]],[[-87.4467929390187,34.28378792843061],[-87.44548879511304,34.28417669363274],[-87.4467929390187,34.284204561311185],[-87.4467929390187,34.28378792843061]],[[-87.44739963989386,34.392648563787134],[-87.4461882985259,34.39223175257576],[-87.4461882985259,34.39306708748006],[-87.44739963989386,34.392648563787134]],[[-87.44861430192961,34.27583277816123],[-87.44800842743382,34.27834273297902],[-87.44861306792663,34.27834273297902],[-87.44861430192961,34.27583277816123]],[[-87.44739964865468,34.37087794936571],[-87.44722043583192,34.37116883353828],[-87.44739963023511,34.371296276450245],[-87.44739964865468,34.37087794936571]],[[-87.44865844412273,34.37770820460078],[-87.4486151370698,34.37464626757925],[-87.44740171779785,34.37715847972161],[-87.44865844412273,34.37770820460078]],[[-87.44809206551831,34.28841946106871],[-87.44835490858712,34.28844534885142],[-87.44861394854827,34.2883938225995],[-87.44809206551831,34.28841946106871]],[[-87.44922184670577,34.37129665138944],[-87.44982648719858,34.371713284270015],[-87.44982772120156,34.37129683957087],[-87.44922184670577,34.37129665138944]],[[-87.45043319683455,34.274993116789204],[-87.44982855634174,34.2741577818849],[-87.44982732233876,34.27499292860778],[-87.45043319683455,34.274993116789204]],[[-87.44982855634174,34.367109631152175],[-87.45104115485164,34.37045713787738],[-87.4540734546504,34.37045717819883],[-87.45407343487105,34.36794663258169],[-87.44982855634174,34.367109631152175]],[[-87.45104197561369,34.280019610217074],[-87.44982855634174,34.28211105119256],[-87.45164799218601,34.28127364400973],[-87.45104197561369,34.280019610217074]],[[-87.45210326846887,34.37852379024923],[-87.45204928537633,34.37799918294348],[-87.45016364350649,34.378327672976425],[-87.45210326846887,34.37852379024923]],[[-87.45103999923086,34.28923105929608],[-87.45075016316353,34.28953180048325],[-87.45117802443498,34.28964790983849],[-87.45103999923086,34.28923105929608]],[[-87.45407015547599,34.33698767034604],[-87.45344051796096,34.334909002089844],[-87.45104198828275,34.336544125535184],[-87.45121223843309,34.33784353059952],[-87.45407015547599,34.33698767034604]],[[-87.45225330596313,34.38218250138839],[-87.45164868524967,34.38301823891063],[-87.45225332574248,34.38301823891063],[-87.45225330596313,34.38218250138839]],[[-87.45204121825411,34.38080659555791],[-87.45200266681476,34.3797443180239],[-87.45164870157855,34.380506359150594],[-87.45204121825411,34.38080659555791]],[[-87.45169188376244,34.28128389800284],[-87.45167742038629,34.28128102105845],[-87.45173023696859,34.28129978442098],[-87.45169188376244,34.28128389800284]],[[-87.45229125709194,34.29044974060042],[-87.45185239875434,34.29006335689487],[-87.45176561327435,34.290036923082845],[-87.45229125709194,34.29044974060042]],[[-87.45225539488564,34.28211105119256],[-87.45255506577172,34.28180615126439],[-87.45209644593109,34.28160940391976],[-87.45225539488564,34.28211105119256]],[[-87.45225539488564,34.276251292003536],[-87.45286003537845,34.27666792488411],[-87.45286003537845,34.276251292003536],[-87.45225539488564,34.276251292003536]],[[-87.45286003537845,34.35119895425057],[-87.45225539488564,34.35161558713115],[-87.45286003537845,34.35161558713115],[-87.45286003537845,34.35119895425057]],[[-87.45286003537845,34.28588143854925],[-87.45225539488564,34.28713547547727],[-87.45286003537845,34.28713547547727],[-87.45286003537845,34.28588143854925]],[[-87.45346674501442,34.3729693903412],[-87.45286210452161,34.37255275746062],[-87.45286210452161,34.3729693903412],[-87.45346674501442,34.3729693903412]],[[-87.45468223342954,34.3880447323385],[-87.45286210452161,34.390138242457134],[-87.45286210452161,34.390554875337706],[-87.4552868414591,34.38971813209485],[-87.45468223342954,34.3880447323385]],[[-87.45470329261782,34.34910440956036],[-87.45468016428637,34.34784933806076],[-87.45368769719094,34.34805765450105],[-87.45470329261782,34.34910440956036]],[[-87.45407552379356,34.36585352508099],[-87.45468016428637,34.36627015796157],[-87.45468016428637,34.36585352508099],[-87.45407552379356,34.36585352508099]],[[-87.45468016428637,34.271226867718816],[-87.45407552379356,34.271643500599396],[-87.45468016428637,34.271643500599396],[-87.45468016428637,34.271226867718816]],[[-87.45652342152574,34.3813444653873],[-87.45832042210222,34.380089393887694],[-87.45407552379356,34.37883328781652],[-87.45652342152574,34.3813444653873]],[[-87.45528687392235,34.385111749029264],[-87.45468223342954,34.384695116148684],[-87.45468223342954,34.385111749029264],[-87.45528687392235,34.385111749029264]],[[-87.45892713173819,34.354127799273506],[-87.45771371246624,34.35119895425057],[-87.45468223342954,34.35119895425057],[-87.45528898338696,34.35371034563088],[-87.45892713173819,34.354127799273506]],[[-87.45832249124538,34.284625332478065],[-87.45892713173819,34.28504196535864],[-87.45892713173819,34.284625332478065],[-87.45832249124538,34.284625332478065]],[[-87.45892713173819,34.37422549641237],[-87.45832249124538,34.3738088635318],[-87.45832249124538,34.37422549641237],[-87.45892713173819,34.37422549641237]],[[-87.45892713173819,34.358733521534496],[-87.45832249124538,34.35831688865392],[-87.45832249124538,34.358733521534496],[-87.45892713173819,34.358733521534496]],[[-87.45953384137417,34.344497652727796],[-87.45892920088136,34.34408101984722],[-87.45892920088136,34.344497652727796],[-87.45953384137417,34.344497652727796]],[[-87.45953591051733,34.29048716081024],[-87.46014055101014,34.29090379369081],[-87.46015001524158,34.290432894356535],[-87.45953591051733,34.29048716081024]],[[-87.46073986555784,34.28970195407334],[-87.46074724086677,34.28797454604994],[-87.4601426201533,34.28797494866787],[-87.46073986555784,34.28970195407334]],[[-87.46074844916764,34.28630031248087],[-87.46135437290005,34.2858814583286],[-87.46074932978928,34.28588143854925],[-87.46074844916764,34.28630031248087]],[[-87.46135397028209,34.38343694093436],[-87.46074932978928,34.38302030805378],[-87.46074932978928,34.38343694093436],[-87.46135397028209,34.38343694093436]],[[-87.46196067991806,34.35370909724978],[-87.46135603942525,34.353292464369204],[-87.46135603942525,34.35370909724978],[-87.46196067991806,34.35370909724978]],[[-87.46135603942525,34.28169441831198],[-87.46196067991806,34.28211105119256],[-87.46196067991806,34.28169441831198],[-87.46135603942525,34.28169441831198]],[[-87.46196067991806,34.37422549641237],[-87.46135603942525,34.3738088635318],[-87.46135603942525,34.37422549641237],[-87.46196067991806,34.37422549641237]],[[-87.46196274906123,34.271645569742546],[-87.46256738955404,34.27206220262312],[-87.46256738955404,34.271645569742546],[-87.46196274906123,34.271645569742546]],[[-87.46317409042919,34.279180315357266],[-87.46196275782205,34.27918202783883],[-87.46196274906123,34.279598839050195],[-87.46317409042919,34.279180315357266]],[[-87.46229783622597,34.28638498424618],[-87.46438751846196,34.28713547547727],[-87.46438751846196,34.2867188425967],[-87.46229783622597,34.28638498424618]],[[-87.4625694586972,34.343660248680344],[-87.46560140699324,34.34324152360338],[-87.46620764736988,34.34240621175231],[-87.46378240870982,34.342824936829274],[-87.4625694586972,34.343660248680344]],[[-87.46317409919001,34.35957092558195],[-87.4625694586972,34.359154292701376],[-87.4625694586972,34.35957092558195],[-87.46317409919001,34.35957092558195]],[[-87.46438751846196,34.35664001141586],[-87.46378287796915,34.35496727246411],[-87.46378287796915,34.35664001141586],[-87.46438751846196,34.35664001141586]],[[-87.46560253761774,34.352036381351255],[-87.46438911834579,34.353292487422436],[-87.46620764736988,34.35245506032175],[-87.46560253761774,34.352036381351255]],[[-87.46438958760513,34.29509288307123],[-87.46499422809794,34.2955095159518],[-87.46499422809794,34.29509288307123],[-87.46438958760513,34.29509288307123]],[[-87.46526585056917,34.38209599118996],[-87.46438958760513,34.3817642019826],[-87.46438958760513,34.38218083486318],[-87.46526585056917,34.38209599118996]],[[-87.46920510003191,34.332654216775964],[-87.4648505786241,34.33247291161717],[-87.46493511751171,34.3360844932436],[-87.46929510317985,34.33624653204652],[-87.46920510003191,34.332654216775964]],[[-87.4696763641798,34.3688153107267],[-87.46531203325786,34.36869729058914],[-87.46530632852429,34.37231194227159],[-87.46966059501428,34.37244924170913],[-87.4696763641798,34.3688153107267]],[[-87.46620764736988,34.37966862272082],[-87.46560300687707,34.37925198984024],[-87.46560300687707,34.37966862272082],[-87.46620764736988,34.37966862272082]],[[-87.46593809404182,34.38226774767954],[-87.46802937616164,34.38343691788113],[-87.46863448591378,34.38343694093436],[-87.46802824553714,34.38260162908329],[-87.46593809404182,34.38226774767954]],[[-87.46742153590117,34.26703775528517],[-87.46924119554976,34.269968692504484],[-87.4702489265476,34.267609192282634],[-87.47470158227352,34.266202443434096],[-87.46742153590117,34.26703775528517]],[[-87.46802777627781,34.30430225845006],[-87.467423135785,34.30388562556948],[-87.467423135785,34.30430225845006],[-87.46802777627781,34.30430225845006]],[[-87.46802984542097,34.27248297379],[-87.46863448591378,34.27289960667057],[-87.46863448591378,34.27248297379],[-87.46802984542097,34.27248297379]],[[-87.46924119554976,34.34282284463289],[-87.46863655505695,34.34240621175231],[-87.46863655505695,34.34282284463289],[-87.46924119554976,34.34282284463289]],[[-87.46863655505695,34.3453371259184],[-87.4728814533656,34.348265970941334],[-87.471644400632,34.34684570933673],[-87.4728814533656,34.344918423894676],[-87.46863655505695,34.3453371259184]],[[-87.46924326469292,34.28630014057297],[-87.46984790518573,34.28671677345355],[-87.46984790518573,34.28630014057297],[-87.46924326469292,34.28630014057297]],[[-87.46960035867673,34.35065996162367],[-87.4696363504898,34.35429095598972],[-87.47401598736352,34.35438952050524],[-87.47397776621143,34.35076403879735],[-87.46960035867673,34.35065996162367]],[[-87.4704546148217,34.36082703165313],[-87.46984998308972,34.360410220441764],[-87.4698499743289,34.36082703165313],[-87.4704546148217,34.36082703165313]],[[-87.47106131569686,34.35915240188901],[-87.47045668396487,34.35873559067765],[-87.47054054166652,34.359501232560724],[-87.47106131569686,34.35915240188901]],[[-87.47045669272569,34.36668903831608],[-87.47106132445768,34.36585352508099],[-87.47045668396487,34.36585352508099],[-87.47045669272569,34.36668903831608]],[[-87.47106339360084,34.29341807497632],[-87.47166803409365,34.293834707856895],[-87.47166803409365,34.29341807497632],[-87.47106339360084,34.29341807497632]],[[-87.47106339360084,34.36878237010393],[-87.47166802533283,34.36794685686884],[-87.47114725130251,34.36759802619717],[-87.47106339360084,34.36878237010393]],[[-87.47106339360084,34.306816539735564],[-87.47166803409365,34.307233172616144],[-87.47167749832509,34.30676227328186],[-87.47106339360084,34.306816539735564]],[[-87.47177162809993,34.35538493991626],[-87.47227474372963,34.35454857044038],[-87.47167010323682,34.35454857044038],[-87.47177162809993,34.35538493991626]],[[-87.47227634361346,34.29844040706465],[-87.47227521298896,34.297605118266816],[-87.47167010323682,34.297605095213584],[-87.47227634361346,34.29844040706465]],[[-87.47348816300158,34.270387394528214],[-87.47167010323682,34.270389463671364],[-87.47167010323682,34.270806096551944],[-87.47348816300158,34.270387394528214]],[[-87.47227474372963,34.35622130939214],[-87.4718096108677,34.35617049368227],[-87.47176747158652,34.35624422931345],[-87.47227474372963,34.35622130939214]],[[-87.4728814533656,34.30597706654496],[-87.47348816300158,34.30472302961693],[-87.47226734864135,34.306031332998664],[-87.4728814533656,34.30597706654496]],[[-87.47470365141669,34.303464854402606],[-87.47904086453966,34.30008686173175],[-87.47834184008937,34.2963489891424],[-87.47740711898072,34.29949328016867],[-87.47288353517783,34.30053575149471],[-87.47470365141669,34.303464854402606]],[[-87.47812295705603,34.29278898736916],[-87.4753082919095,34.2883936506916],[-87.47349024090556,34.28923087640826],[-87.47812295705603,34.29278898736916]],[[-87.47409694178072,34.294255479023775],[-87.47470158227352,34.29467211190435],[-87.47470158227352,34.294255479023775],[-87.47409694178072,34.294255479023775]],[[-87.47409694178072,34.2804383122408],[-87.47470158227352,34.280854945121376],[-87.47470158227352,34.2804383122408],[-87.47409694178072,34.2804383122408]],[[-87.47470365141669,34.297605095213584],[-87.47530827213015,34.2980221307121],[-87.4753082919095,34.297605095213584],[-87.47470365141669,34.297605095213584]],[[-87.4777351304534,34.36501405189039],[-87.47727187261309,34.36030519968888],[-87.47964757417563,34.36002007322987],[-87.47713002070125,34.35957301777833],[-87.47531036105266,34.36082910079628],[-87.4777351304534,34.36501405189039]],[[-87.47599270776904,34.36481506660019],[-87.47591708701752,34.3645970866275],[-87.47591707068864,34.36501405189039],[-87.47599270776904,34.36481506660019]],[[-87.47652171118145,34.37590030450728],[-87.47591707068864,34.375483671626704],[-87.47591707068864,34.37590030450728],[-87.47652171118145,34.37590030450728]],[[-87.47652171118145,34.349522077012516],[-87.47591707068864,34.349105444131936],[-87.47591707068864,34.349522077012516],[-87.47652171118145,34.349522077012516]],[[-87.47712842081742,34.27792610009844],[-87.47591707068864,34.27876143500274],[-87.47712842081742,34.27876143500274],[-87.47712842081742,34.27792610009844]],[[-87.47773719959656,34.36794703519963],[-87.4795573372653,34.37045735652963],[-87.48076867863327,34.37087588022256],[-87.47894854972535,34.36794703519963],[-87.47773719959656,34.36794703519963]],[[-87.47834184008937,34.29048509166709],[-87.47773719959656,34.29006845878651],[-87.47773719959656,34.29048509166709],[-87.47834184008937,34.29048509166709]],[[-87.47955608012336,34.275830480515204],[-87.47834243404104,34.27541391713506],[-87.47834243404104,34.27583049165768],[-87.47955608012336,34.275830480515204]],[[-87.47894854972535,34.376319006531006],[-87.47834390923254,34.375483671626704],[-87.47834390923254,34.376319006531006],[-87.47894854972535,34.376319006531006]],[[-87.48076867863327,34.289647687619635],[-87.47955732850448,34.284206630454335],[-87.47834390923254,34.287554177501],[-87.48076867863327,34.289647687619635]],[[-87.47895002491684,34.292997274630466],[-87.48076867863327,34.292580670928864],[-87.47856279226588,34.29278898736916],[-87.47895002491684,34.292997274630466]],[[-87.48450125126342,34.30140178990816],[-87.48007172332615,34.30056438586071],[-87.47895061886851,34.303464854402606],[-87.48450125126342,34.30140178990816]],[[-87.47955525936132,34.38762396117162],[-87.47895061886851,34.38720732829105],[-87.47895061886851,34.38762396117162],[-87.47955525936132,34.38762396117162]],[[-87.4813757908872,34.2758305010573],[-87.48016321737842,34.27541392827754],[-87.48016199024931,34.27583008824183],[-87.4813757908872,34.2758305010573]],[[-87.4807686920826,34.28085467135409],[-87.48016403814046,34.2804383122408],[-87.48016403814046,34.280854945121376],[-87.4807686920826,34.28085467135409]],[[-87.48137538826924,34.353290395226054],[-87.48077074777643,34.352873762345475],[-87.48077074777643,34.353290395226054],[-87.48137538826924,34.353290395226054]],[[-87.48316514360069,34.360809006700926],[-87.48077075653725,34.35915411437058],[-87.48321864550861,34.36124676824843],[-87.48622906535704,34.36124573367685],[-87.48723812013336,34.35924768036052],[-87.48562442486423,34.35831688865392],[-87.48622906535704,34.35998962760568],[-87.48316514360069,34.360809006700926]],[[-87.48198334628633,34.28378581896601],[-87.48258879487213,34.28336896852192],[-87.48137744396307,34.282532096126715],[-87.48198334628633,34.28378581896601]],[[-87.48258927680052,34.30555834146801],[-87.48269408378346,34.30465042751825],[-87.48198416704838,34.30555836452124],[-87.48258927680052,34.30555834146801]],[[-87.48745342970447,34.381346860027],[-87.48516642480514,34.382646468145566],[-87.48198416704838,34.380926797935146],[-87.4839075030554,34.38560305315166],[-87.4898705433561,34.38511128676508],[-87.48929568226299,34.38180192110887],[-87.4916894520808,34.38343694093436],[-87.4916894520808,34.381345499958876],[-87.48805081361138,34.3813444653873],[-87.48865590390093,34.38259953688691],[-87.48745342970447,34.381346860027]],[[-87.48319551717717,34.27457648390863],[-87.48218853154401,34.27531843115379],[-87.48328874118427,34.27538316653128],[-87.48319551717717,34.27457648390863]],[[-87.48259087668436,34.38720732829105],[-87.48380222681314,34.38804266319535],[-87.48380220703379,34.387206925673105],[-87.48259087668436,34.38720732829105]],[[-87.48319551717717,34.3729693903412],[-87.48259087668436,34.37255275746062],[-87.48259087668436,34.3729693903412],[-87.48319551717717,34.3729693903412]],[[-87.48575138822301,34.35429419441092],[-87.48259088544518,34.356221487722934],[-87.48380231957347,34.35664000685884],[-87.48575138822301,34.35429419441092]],[[-87.4826198615364,34.34380336035185],[-87.48271037554218,34.347381910744545],[-87.48710516465057,34.34751018971372],[-87.48702426232593,34.34390686627372],[-87.4826198615364,34.34380336035185]],[[-87.48440893644911,34.280854945121376],[-87.48380431228519,34.280437979858476],[-87.4838042959563,34.280854945121376],[-87.48440893644911,34.280854945121376]],[[-87.48380431228519,34.27876176738506],[-87.48528726855632,34.278257889305806],[-87.48475179742269,34.27768857811178],[-87.48380431228519,34.27876176738506]],[[-87.48431863190548,34.27586085631819],[-87.48865590390093,34.276249222860386],[-87.4874214254407,34.27499415136078],[-87.48431863190548,34.27586085631819]],[[-87.48562235572106,34.376737708554735],[-87.48501771522825,34.376321075674156],[-87.48501771522825,34.376737708554735],[-87.48562235572106,34.376737708554735]],[[-87.48622903617807,34.35538538053618],[-87.48744248462899,34.35245506032175],[-87.48562442486423,34.352873762345475],[-87.48622903617807,34.35538538053618]],[[-87.48865590390093,34.35873559067765],[-87.48773674636203,34.35909683483305],[-87.48865590390093,34.359152223558226],[-87.48865590390093,34.35873559067765]],[[-87.48805126340812,34.36334131293864],[-87.48865590390093,34.363757945819216],[-87.48865590390093,34.36334131293864],[-87.48805126340812,34.36334131293864]],[[-87.48963779047045,34.35647920949277],[-87.48926468268007,34.35705871343959],[-87.49047603280886,34.35622337853529],[-87.48963779047045,34.35647920949277]],[[-87.48986932317288,34.367107562009025],[-87.48926468268007,34.366690929128445],[-87.48926468268007,34.367107562009025],[-87.48986932317288,34.367107562009025]],[[-87.49108274244483,34.36166650484373],[-87.48926468268007,34.36124780282],[-87.49108274244483,34.362083137724305],[-87.49108274244483,34.36166650484373]],[[-87.491084811588,34.311838894877134],[-87.49138558095741,34.311416728618],[-87.49098581171461,34.31107712694618],[-87.491084811588,34.311838894877134]],[[-87.4916902180796,34.35915433033249],[-87.491084811588,34.35957092558195],[-87.49196107455204,34.35923913637459],[-87.4916902180796,34.35915433033249]],[[-87.49112081373342,34.26944697042479],[-87.49290287135275,34.269968692504484],[-87.49283075217504,34.26918548267887],[-87.49112081373342,34.26944697042479]],[[-87.49290453787796,34.358735610457],[-87.49350958098873,34.359152223558226],[-87.49350958098873,34.35873559067765],[-87.49290453787796,34.358735610457]],[[-87.4941162906247,34.36794496605648],[-87.4935116501319,34.367528333175905],[-87.4935116501319,34.36794496605648],[-87.4941162906247,34.36794496605648]],[[-87.49383943093305,34.361398639592046],[-87.49407880452247,34.36166547027216],[-87.49411689192281,34.36173672678636],[-87.49407525730801,34.36165883390066],[-87.49397015757184,34.361517123311046],[-87.49383943093305,34.361398639592046]],[[-87.49532970989665,34.35705871343959],[-87.49472506940384,34.35664208055901],[-87.49472506940384,34.35705871343959],[-87.49532970989665,34.35705871343959]],[[-87.49593641953263,34.37841251664964],[-87.49533177903982,34.37799588376906],[-87.49533177903982,34.37841251664964],[-87.49593641953263,34.37841251664964]],[[-87.49645927146695,34.364106954821715],[-87.49715930303601,34.36244964243748],[-87.49593849743661,34.36375812415],[-87.49645927146695,34.364106954821715]],[[-87.49595821749126,34.35853845174836],[-87.49597938257429,34.36213100588198],[-87.50031118903121,34.36219584032348],[-87.50028857980291,34.35860054497496],[-87.49595821749126,34.35853845174836]],[[-87.49714983004375,34.365015942702755],[-87.49654519831176,34.36543275391412],[-87.49714983880457,34.36543275391412],[-87.49714983004375,34.365015942702755]],[[-87.50018338698445,34.38176213283945],[-87.49775861758371,34.381345499958876],[-87.49775861758371,34.38176213283945],[-87.50018338698445,34.38176213283945]],[[-87.4989699677125,34.35831481951077],[-87.49836532721969,34.357898186630194],[-87.49836532721969,34.35831481951077],[-87.4989699677125,34.35831481951077]],[[-87.49897203685566,34.37087588022256],[-87.49957667734847,34.37004054531826],[-87.49897203685566,34.37004054531826],[-87.49897203685566,34.37087588022256]],[[-87.50079086261921,34.330682592719086],[-87.50018545612761,34.33109918796855],[-87.50106171909165,34.33076739876119],[-87.50079086261921,34.330682592719086]],[[-87.50139888806862,34.35789792874523],[-87.50139887539956,34.36292054177176],[-87.50746390261614,34.35998962760568],[-87.50685719298016,34.35622337853529],[-87.50321900430748,34.35580467651156],[-87.50139888806862,34.35789792874523]],[[-87.50139889172844,34.37129631900712],[-87.5028155506919,34.36911245071976],[-87.50382364480029,34.36836573722336],[-87.50200558503553,34.36836573722336],[-87.50139889172844,34.37129631900712]],[[-87.50321626786791,34.363730405796616],[-87.50382441079908,34.36417661021183],[-87.50409526727152,34.364091804169725],[-87.50321626786791,34.363730405796616]],[[-87.50564377370821,34.36417871698609],[-87.50503873059745,34.36459533008731],[-87.50564377370821,34.36459534986667],[-87.50564377370821,34.36417871698609]],[[-87.50685719298016,34.34408101984722],[-87.5064961910573,34.347196701847174],[-87.50685755270162,34.34743051139552],[-87.50685719298016,34.34408101984722]],[[-87.50807268139528,34.36878237010393],[-87.50938449501413,34.36837886860434],[-87.50807268139528,34.36836573722336],[-87.50807268139528,34.36878237010393]],[[-87.5129242893399,34.35622337853529],[-87.5098928103032,34.35831481951077],[-87.51301660415422,34.357449038982274],[-87.5129242893399,34.35622337853529]],[[-87.51052057912746,34.36794600062805],[-87.5117108573989,34.36668911787026],[-87.51111362466342,34.36496185457984],[-87.50989282297226,34.36627196921976],[-87.51052057912746,34.36794600062805]],[[-87.51110416043198,34.35203428915487],[-87.51049951993917,34.3516176562743],[-87.51049951993917,34.35203428915487],[-87.51110416043198,34.35203428915487]],[[-87.51292635848307,34.34659323198958],[-87.513106007447,34.34847157625794],[-87.51110623833597,34.34910526580114],[-87.51172222901312,34.3503861523884],[-87.51595782875896,34.34826614927213],[-87.51292635848307,34.34659323198958]],[[-87.51451288554534,34.34349944675728],[-87.51413977775502,34.34407895070407],[-87.51535108756235,34.34324279503772],[-87.51451288554534,34.34349944675728]],[[-87.51413978651584,34.35371098806213],[-87.51595782875896,34.35370927558057],[-87.51595783751978,34.353292464369204],[-87.51413978651584,34.35371098806213]],[[-87.51595990666294,34.36501612103354],[-87.51535320969603,34.36627196921976],[-87.51535319702697,34.366688859985295],[-87.51656454715575,34.366688859985295],[-87.51595990666294,34.36501612103354]],[[-87.51656454715575,34.34156880770486],[-87.51596919646494,34.342012111913874],[-87.51656454715575,34.34198544058544],[-87.51656454715575,34.34156880770486]]]}},{"type":"Feature","properties":{"unit":"Black Warrior WMA","unitMatch":"black warrior","wmaZone":"B","color":"#d4a05a","label":"Black Warrior WMA \u00b7 Zone B","lat":34.33961,"lng":-87.31485},"geometry":{"type":"MultiPolygon","coordinates":[[[[-87.46730204778912,34.262835560154905],[-87.46906268652249,34.26002810651602],[-87.47166906866524,34.26011203608664],[-87.46742210121342,34.26287388643248],[-87.46984638725532,34.26201415052977],[-87.47160497807035,34.26494530279135],[-87.46411833637634,34.26634614736873],[-87.46499422809794,34.26913128845703],[-87.45481432980628,34.26788034694745],[-87.45164868524967,34.270806096551944],[-87.44787939493187,34.26896696246276],[-87.4486151370698,34.265783741410374],[-87.44982855634174,34.26369023129174],[-87.45253202390577,34.265159714223095],[-87.45494544885646,34.26039666033221],[-87.45503842337139,34.262510843429936],[-87.45670805061157,34.26270011532378],[-87.45748217976376,34.259245310953816],[-87.45273999012228,34.25912616871707],[-87.44924290589405,34.26159568660153],[-87.44726862579924,34.25885651794868],[-87.44436816961797,34.260757247982504],[-87.44275240520568,34.25875919466617],[-87.44602297036555,34.25844690517531],[-87.44601040071788,34.25604022150917],[-87.44163694168451,34.2567686529576],[-87.44021716094088,34.2552841481164],[-87.43831603114442,34.25924000443671],[-87.44133254353412,34.26117612833703],[-87.43514541067903,34.25996357276452],[-87.43276341674122,34.26233838729658],[-87.4346599803022,34.264106675990895],[-87.43041384799056,34.26494426821977],[-87.43196647468643,34.26179072852727],[-87.42546694689567,34.26114729772458],[-87.4249534612668,34.25071046855622],[-87.42690352230225,34.25144056717001],[-87.4279849403035,34.24903566046132],[-87.42987115803162,34.25105504809753],[-87.43101848848337,34.248198256413865],[-87.42973269530525,34.254448808320326],[-87.43133317402977,34.25567754756092],[-87.42754221038531,34.257498445041804],[-87.43167735741604,34.25817756199098],[-87.43284068653446,34.252385276651125],[-87.4389065345131,34.245686084592954],[-87.43930561450321,34.248121791003726],[-87.44254862413467,34.24736053008983],[-87.44193924926185,34.251964763369216],[-87.43530338728466,34.25158322367034],[-87.43384634838914,34.25474477687298],[-87.43738997423269,34.253024255486224],[-87.44350123149927,34.255367888977034],[-87.44673485252171,34.25364034815073],[-87.44695349137864,34.25707763693522],[-87.45028448725763,34.259129371146265],[-87.45121057358726,34.2568145157683],[-87.44871117315193,34.255799506629856],[-87.45510160530007,34.253489713748095],[-87.45111542453456,34.25227919504443],[-87.45247538828265,34.25090602758788],[-87.45979557585196,34.255733858269366],[-87.45977417151951,34.25972578791841],[-87.46211852910287,34.259801449682875],[-87.4620466067629,34.26613068126968],[-87.46560093773391,34.26494426821977],[-87.46273794921878,34.26339278236798],[-87.4652986174875,34.26088364419217],[-87.46730204778912,34.262835560154905]],[[-87.42556017090277,34.25531619081721],[-87.42556017090277,34.25782633381642],[-87.42616481139558,34.25531619081721],[-87.42556017090277,34.25531619081721]],[[-87.42861963336895,34.25174083337797],[-87.4270488939708,34.25137631363382],[-87.42658244536304,34.253367060025326],[-87.42861963336895,34.25174083337797]],[[-87.42919835957545,34.25573282369779],[-87.42919835957545,34.25531619081721],[-87.42859371908264,34.25573282369779],[-87.42919835957545,34.25573282369779]],[[-87.43144874710815,34.258725940193585],[-87.43108292453337,34.26065901787039],[-87.43254171334985,34.261172312087815],[-87.43144874710815,34.258725940193585]],[[-87.4328386173913,34.25782633381642],[-87.4328386173913,34.257409700935845],[-87.43223397689849,34.25782633381642],[-87.4328386173913,34.25782633381642]],[[-87.4337099654958,34.25923857258597],[-87.43500288660984,34.25923857258597],[-87.43524919725914,34.257714383050725],[-87.4337099654958,34.25725356823747],[-87.4337099654958,34.25923857258597]],[[-87.43708765398628,34.25070839941307],[-87.43808012108173,34.25050008297278],[-87.43708765398628,34.25029176653249],[-87.43708765398628,34.25070839941307]],[[-87.43851995629157,34.25050008297278],[-87.43890718894254,34.25070837023409],[-87.43951324414907,34.250291806853944],[-87.43851995629157,34.25050008297278]],[[-87.4406355969878,34.24984261888458],[-87.44133255229494,34.24987099536562],[-87.44193926193091,34.248198256413865],[-87.4406355969878,34.24984261888458]],[[-87.44982648719858,34.266200374290946],[-87.44982648719858,34.265783741410374],[-87.44922184670577,34.266200374290946],[-87.44982648719858,34.266200374290946]],[[-87.45346674501442,34.25531412167406],[-87.45346674501442,34.25489748879349],[-87.45286210452161,34.25531412167406],[-87.45346674501442,34.25531412167406]],[[-87.45658622003914,34.25574066510164],[-87.45593858838247,34.254542096725785],[-87.45440353526624,34.25804177981975],[-87.45658622003914,34.25574066510164]],[[-87.45807197155126,34.26486755001039],[-87.4585591637109,34.26645338452059],[-87.45992434196299,34.266310054453825],[-87.45987511794125,34.26472164269335],[-87.45807197155126,34.26486755001039]],[[-87.45892713173819,34.26787518238586],[-87.45892713173819,34.26745854950528],[-87.45832249124538,34.26787518238586],[-87.45892713173819,34.26787518238586]],[[-87.45953384137417,34.260759317125654],[-87.4586955990357,34.26101514808317],[-87.45832249124538,34.261594652029956],[-87.45953384137417,34.260759317125654]],[[-87.4618768222164,34.2666908384791],[-87.46135603942525,34.26745648036213],[-87.46196063959661,34.26703902671951],[-87.4618768222164,34.2666908384791]]],[[[-87.50676869690122,34.336160715872005],[-87.50685926212333,34.33361346925406],[-87.51025518004084,34.33344657165356],[-87.51535111912298,34.33947340677387],[-87.51353306811905,34.339891930466806],[-87.50935012034425,34.33577903271196],[-87.50625255248735,34.33696101630072],[-87.51171087006796,34.34073140365741],[-87.50928610066723,34.34198544058544],[-87.49789879686813,34.334068470320545],[-87.49290494049592,34.335286208205815],[-87.49472506940384,34.33235736318288],[-87.50240066674858,34.334681742992764],[-87.50217418300912,34.329249965873025],[-87.49957875525246,34.328170164614825],[-87.50270338840487,34.32813289292734],[-87.50638980274363,34.325133457492576],[-87.50200455046395,34.32479759842446],[-87.50482688668536,34.3230807537728],[-87.5020055715862,34.31854047016719],[-87.50603980421049,34.31656307906021],[-87.50589647785311,34.31281086458048],[-87.49957874649164,34.31812149437618],[-87.49979244131877,34.32079223359846],[-87.50261165973946,34.32188749700954],[-87.4995782772323,34.32523733658315],[-87.49764576564002,34.31727246123134],[-87.49194085632416,34.31193547770272],[-87.49378120345996,34.310250999598594],[-87.4838042959563,34.30848927868732],[-87.49168943230146,34.30723357523408],[-87.49221230401511,34.305211424661934],[-87.48895064781047,34.30667543912495],[-87.48733837883834,34.30395572409449],[-87.48413938312105,34.304636116800566],[-87.48503877441654,34.30346588897418],[-87.49290286259193,34.304302436780844],[-87.49108482034882,34.30053411856731],[-87.49200184933296,34.29777969724303],[-87.48581325034378,34.29802276266574],[-87.49241371248849,34.29708172140621],[-87.4924267163509,34.29342185514352],[-87.494682054763,34.29345791721591],[-87.49351518020387,34.297689411754284],[-87.49581320449197,34.3034040146743],[-87.50092989662284,34.30639935119485],[-87.499190919889,34.30702485617585],[-87.50051871856019,34.307377878309815],[-87.49936326824209,34.30957222759491],[-87.50225816285948,34.310486820374585],[-87.50367718910425,34.3075488851198],[-87.50873255962236,34.31344294934122],[-87.51060296830838,34.32483969822878],[-87.50922654620125,34.329804447578205],[-87.50384067182965,34.32968758649141],[-87.50479813355554,34.33627022351337],[-87.50676869690122,34.336160715872005]],[[-87.49229616171678,34.30011730735594],[-87.49169152122397,34.30011730735594],[-87.49169152122397,34.30053394023652],[-87.49229616171678,34.30011730735594]],[[-87.49533177903982,34.307235241759294],[-87.49890942992846,34.305759418954615],[-87.49441230305196,34.30448644281939],[-87.49233304583335,34.30831071456442],[-87.49532970989665,34.31016408678223],[-87.49533177903982,34.307235241759294]],[[-87.50170957260819,34.31416899179338],[-87.50184832244051,34.31153099965114],[-87.49476483928103,34.312833290027],[-87.49565979051249,34.315403957070274],[-87.49909281903533,34.3159270932062],[-87.50170957260819,34.31416899179338]],[[-87.50324006349577,34.329006712421496],[-87.50443034567544,34.328587154156985],[-87.50382571394346,34.32775164092189],[-87.50324006349577,34.329006712421496]],[[-87.50371642107993,34.320896354518894],[-87.50538120438286,34.32078777007376],[-87.50536791612396,34.31915103339712],[-87.50358102003679,34.319566798106045],[-87.50371642107993,34.320896354518894]],[[-87.5050391332154,34.31853812725676],[-87.50564377370821,34.31853812725676],[-87.50564377370821,34.31812149437618],[-87.5050391332154,34.31853812725676]],[[-87.50797787175372,34.32799708319443],[-87.50789515268697,34.32638967469193],[-87.50634265477471,34.327830679626096],[-87.50797787175372,34.32799708319443]],[[-87.50807268139528,34.31895682928048],[-87.50867732188809,34.31895682928048],[-87.50867732188809,34.31854019639991],[-87.50807268139528,34.31895682928048]]],[[[-87.25465122231918,34.34286792989449],[-87.24767424671742,34.3427955829903],[-87.24764988101896,34.34099445184694],[-87.24582440243168,34.34096525540889],[-87.24583135737721,34.34277875219364],[-87.23099805166439,34.34265699946779],[-87.2369367346287,34.32805472173258],[-87.24172508205939,34.3239812535652],[-87.24572076125857,34.31068150658866],[-87.24779217841913,34.311420192853404],[-87.2460600759186,34.310036429545185],[-87.25283557144813,34.302372253526],[-87.25257466768042,34.294789435372],[-87.25899136155545,34.28615779757582],[-87.2561145895875,34.28245364010741],[-87.2575287757771,34.277605374669974],[-87.252039002905,34.272615914958855],[-87.2459473266481,34.274985416963624],[-87.2406602777514,34.27411185188074],[-87.23450096622922,34.271539056676474],[-87.23642928647759,34.26645482890062],[-87.24580374753695,34.266515503413345],[-87.24577197361819,34.26284861530316],[-87.25016132007289,34.2628727218106],[-87.2501318261318,34.25920033075771],[-87.24185052933669,34.259159933506744],[-87.24229187431506,34.254822870139485],[-87.24688211047103,34.25139431740908],[-87.24580231271725,34.249366596921796],[-87.25008789250893,34.2496628049458],[-87.25296715745422,34.245580995015324],[-87.25754990782568,34.248211908176984],[-87.26759138322751,34.24329221069818],[-87.2676690753778,34.24833834848207],[-87.26327260405438,34.24830938459299],[-87.26295993276783,34.254895145883054],[-87.25698117399376,34.255198026831415],[-87.25291049397545,34.264681698894414],[-87.25689282295875,34.265362970243494],[-87.2568939328133,34.26117844066073],[-87.25918015387174,34.26290364295419],[-87.26156123142428,34.258396704814345],[-87.25783668890263,34.25707584258533],[-87.26269151396565,34.25749443154337],[-87.2647079290487,34.2557870179196],[-87.26034400510608,34.26509071668966],[-87.26384532711776,34.265159714223095],[-87.2653656986741,34.26075828255408],[-87.26547732308444,34.264981371838424],[-87.26842030604226,34.265362970243494],[-87.27024146952176,34.26241099688922],[-87.26781401189295,34.26447660657814],[-87.26842237518542,34.25866580700703],[-87.2708702729176,34.25698996434054],[-87.26970326830653,34.26104010169066],[-87.2720605638581,34.260759317125654],[-87.27392569759017,34.264462256240016],[-87.27678414777688,34.25957797899991],[-87.27388277067001,34.258246926652504],[-87.27873436985382,34.25573489284094],[-87.27868277150104,34.25808868109323],[-87.28298133730564,34.257409700935845],[-87.28419474781677,34.259503032723686],[-87.28059138287831,34.259263073153654],[-87.28216893939556,34.26563102948987],[-87.28546033514623,34.26571419841806],[-87.28844172402941,34.26285282724429],[-87.28909027268574,34.27148857864012],[-87.29268869148123,34.27248297379],[-87.29317906248964,34.27911584705882],[-87.29610652981323,34.278606661874235],[-87.29633054918091,34.27122689077205],[-87.3005759167489,34.269970761647635],[-87.30099643608735,34.271981644694904],[-87.30360944514942,34.27206386914833],[-87.3018901078584,34.2749799545219],[-87.3005158493565,34.27287368977956],[-87.29839475030266,34.27413729452811],[-87.29837356683201,34.27776925782678],[-87.3005167317634,34.27917639403649],[-87.3066450822518,34.26955205962391],[-87.30906984289172,34.26955188129312],[-87.30907107183576,34.27415525047757],[-87.3062236412381,34.2756809210056],[-87.31210339983241,34.276251292003536],[-87.30984232540186,34.27834399009193],[-87.31250570235262,34.28095040192367],[-87.31271009679932,34.287554435385964],[-87.30785746695217,34.29237231241843],[-87.2981955122224,34.292202490602946],[-87.2982406833098,34.29584731848351],[-87.30263220987447,34.295883279735534],[-87.30267265678663,34.29954185900844],[-87.29828589543689,34.299496791513484],[-87.29754443771219,34.303046152378876],[-87.30724972274461,34.30388562556948],[-87.30739129951866,34.307704759492886],[-87.31331681034354,34.31267818973694],[-87.3114987593396,34.31435110701949],[-87.3142720790368,34.31566098039364],[-87.31817096545149,34.31393449719215],[-87.32059732597523,34.31644650795048],[-87.32044108990519,34.331518604361875],[-87.31999062510008,34.32942644901679],[-87.31817256533532,34.32942644901679],[-87.31938598460727,34.331936592016],[-87.33151810818359,34.335286208205815],[-87.32925703375305,34.334031359247554],[-87.3312283648766,34.33205454829553],[-87.34183217199515,34.331936592016],[-87.34563451576024,34.326818780072145],[-87.35214830494988,34.33151788999228],[-87.3542681047439,34.330794288040394],[-87.3551400141094,34.33303777612792],[-87.35336172422183,34.33403010213463],[-87.35502130076982,34.33436216613526],[-87.3570019907985,34.3398921087976],[-87.36364271930731,34.33867561266504],[-87.36666489877639,34.34034844174804],[-87.36610262657729,34.34282284463289],[-87.3698629296493,34.340773063343725],[-87.37095630366508,34.343660248680344],[-87.37297109709182,34.34292524589653],[-87.37625301108268,34.34654820697176],[-87.3740622190569,34.351227499944606],[-87.3745270184886,34.355248057029115],[-87.37216868836545,34.35578154818022],[-87.3766447261265,34.35705041686113],[-87.37459552690935,34.36336237212683],[-87.37625731909564,34.36441793921473],[-87.37641669914967,34.37087605855336],[-87.38880505635247,34.37389627748792],[-87.37753112989954,34.373482784261924],[-87.3774871238371,34.378832253244944],[-87.3758089461813,34.3792288615089],[-87.3774836766628,34.37925095526867],[-87.3777357300591,34.38218186943475],[-87.3764167101682,34.38259993950484],[-87.38005487906153,34.38385564295808],[-87.37827785261346,34.38426874318189],[-87.37774848276602,34.38802730875138],[-87.37459657024175,34.388044554007706],[-87.3733821076374,34.39430213436305],[-87.37580933875384,34.38973260862401],[-87.37674470186153,34.39202642741221],[-87.38005485928218,34.39306875400528],[-87.37749546827165,34.395547296021164],[-87.37758360482772,34.402619600454926],[-87.3732540076426,34.402478955367165],[-87.37265184183998,34.40483441404349],[-87.3688601579173,34.40328666783324],[-87.36707211114664,34.40759217171648],[-87.35947581971847,34.4133754069324],[-87.35552426199617,34.41331516763891],[-87.35543315095148,34.417468858254196],[-87.34858780425013,34.420733079018376],[-87.34740901262003,34.43031658073722],[-87.34175624551604,34.43366400114038],[-87.34175604982778,34.43109765525798],[-87.33738629706023,34.43101633074849],[-87.3375879890607,34.42383601767625],[-87.33393935305683,34.42375419541414],[-87.33433467354689,34.421503461587385],[-87.33016972674984,34.41719871148236],[-87.32021877382604,34.416224671519046],[-87.32053111892647,34.39082796129974],[-87.31542790122097,34.39070524136482],[-87.3143104928156,34.38886602537755],[-87.31045308115358,34.38976355119013],[-87.31032773496678,34.38439564900319],[-87.30229960133198,34.37932350297704],[-87.29326882624066,34.37711972657659],[-87.28415692250096,34.37826844702136],[-87.26887880177934,34.375529908611426],[-87.26555193733785,34.37087691479414],[-87.26720848665414,34.37213196324051],[-87.26963372531421,34.372134055436895],[-87.25371008129818,34.36498962502416],[-87.254193264585,34.36035619662075],[-87.25033544507392,34.35756916951871],[-87.2503027502755,34.35019420844576],[-87.25467643632922,34.35024841089611],[-87.25465122231918,34.34286792989449]],[[-87.23869360302268,34.33361346925406],[-87.23869360302268,34.33403010213463],[-87.23968607011811,34.33382178569435],[-87.23869360302268,34.33361346925406]],[[-87.23930032532772,34.27248116253181],[-87.24051166278744,34.27373701071802],[-87.24051166278744,34.271645569742546],[-87.23930032532772,34.27248116253181]],[[-87.24051313797894,34.334030072955656],[-87.24111837242341,34.33403010213463],[-87.24111837242341,34.33361346925406],[-87.24051313797894,34.334030072955656]],[[-87.24111837242341,34.32691423687444],[-87.2405137319306,34.32691423687444],[-87.2405137319306,34.32733086975501],[-87.24111837242341,34.32691423687444]],[[-87.24233179169536,34.26954999048076],[-87.24233179169536,34.26871465557646],[-87.2405137319306,34.26913335760018],[-87.24233179169536,34.26954999048076]],[[-87.24172715120255,34.339891930466806],[-87.24354521096731,34.339891930466806],[-87.24354521096731,34.339475297586226],[-87.24172715120255,34.339891930466806]],[[-87.24354728011048,34.32063163737539],[-87.24415192060329,34.32063163737539],[-87.24415192060329,34.32021500449481],[-87.24354728011048,34.32063163737539]],[[-87.24415398974645,34.27415571274175],[-87.24475863023926,34.27415571274175],[-87.24475863023926,34.27373907986117],[-87.24415398974645,34.27415571274175]],[[-87.24597411865437,34.32816827380247],[-87.24657875914718,34.32816827380247],[-87.24657875914718,34.32775164092189],[-87.24597411865437,34.32816827380247]],[[-87.24718706866699,34.267456457308896],[-87.24779217841913,34.26745648036213],[-87.24597411865437,34.266621145457826],[-87.24718706866699,34.267456457308896]],[[-87.24658082829035,34.33403010213463],[-87.24718546878316,34.33403010213463],[-87.24718546878316,34.33361346925406],[-87.24658082829035,34.33403010213463]],[[-87.24779217841913,34.270389463671364],[-87.24718753792632,34.270389463671364],[-87.24718753792632,34.270806096551944],[-87.24779217841913,34.270389463671364]],[[-87.24779426734165,34.27248257117206],[-87.2477942475623,34.27289960667057],[-87.2483988880551,34.27289960667057],[-87.24779426734165,34.27248257117206]],[[-87.2490979125054,34.326883791250246],[-87.24900559769108,34.32649553485071],[-87.24840095719827,34.32649553485071],[-87.2490979125054,34.326883791250246]],[[-87.250825726599,34.31812149437618],[-87.24961438913928,34.31979604458612],[-87.24900766683425,34.321469041422844],[-87.25109734907024,34.32012809167845],[-87.250825726599,34.31812149437618]],[[-87.24900766683425,34.339891930466806],[-87.25021901696303,34.339056595562504],[-87.24938077462463,34.33931242651998],[-87.24900766683425,34.339891930466806]],[[-87.24961437647022,34.32356462068462],[-87.24961437647022,34.32439995558893],[-87.25020972716104,34.324426626917365],[-87.24961437647022,34.32356462068462]],[[-87.25021901696303,34.31100355997283],[-87.24961437647022,34.31100355997283],[-87.24961437647022,34.313095000948316],[-87.25021901696303,34.31100355997283]],[[-87.25364039174552,34.26515465380321],[-87.24961437647022,34.26494633736292],[-87.24961437647022,34.265362970243494],[-87.25364039174552,34.26515465380321]],[[-87.25012877129187,34.3273613153792],[-87.24961437647022,34.331936592016],[-87.25459310321177,34.33199652250991],[-87.25457387635868,34.32837363171211],[-87.25012877129187,34.3273613153792]],[[-87.25461275523958,34.33562215908072],[-87.25021752693587,34.335589986901375],[-87.25024358740023,34.33920461417309],[-87.25463198744568,34.339245045565505],[-87.25461275523958,34.33562215908072]],[[-87.25091804141331,34.26910291197599],[-87.250825726599,34.26871465557646],[-87.2502210861062,34.26871465557646],[-87.25091804141331,34.26910291197599]],[[-87.2532525651429,34.35496520332096],[-87.2532525651429,34.35203635829802],[-87.25082779574217,34.35370909724978],[-87.2532525651429,34.35496520332096]],[[-87.25143242747416,34.32607494201462],[-87.25143243623498,34.325658130803255],[-87.25083708554416,34.32563145947482],[-87.25143242747416,34.32607494201462]],[[-87.25203914587095,34.25657022774524],[-87.25203914587095,34.256153594864664],[-87.25143450537814,34.256153594864664],[-87.25203914587095,34.25657022774524]],[[-87.2517695925429,34.320299848168034],[-87.25264585550693,34.32063163737539],[-87.25264585550693,34.32021500449481],[-87.2517695925429,34.320299848168034]],[[-87.25264585550693,34.269968692504484],[-87.25264585550693,34.26955205962391],[-87.2519489001998,34.26958043610495],[-87.25264585550693,34.269968692504484]],[[-87.25204121501412,34.311840964020284],[-87.25204121501412,34.31393240499577],[-87.25385927477888,34.31435110701949],[-87.25204121501412,34.311840964020284]],[[-87.25264792465009,34.27289960667057],[-87.2532525651429,34.27289960667057],[-87.2532525651429,34.27248297379],[-87.25264792465009,34.27289960667057]],[[-87.25386134392204,34.34114803653799],[-87.25446598441485,34.34114803653799],[-87.25446598441485,34.34073140365741],[-87.25386134392204,34.34114803653799]],[[-87.25386134392204,34.33277399606346],[-87.25446598441485,34.33277399606346],[-87.25446598441485,34.33235736318288],[-87.25386134392204,34.33277399606346]],[[-87.25507476319399,34.30262745035515],[-87.2556794036868,34.30262745035515],[-87.2556794036868,34.302210817474574],[-87.25507476319399,34.30262745035515]],[[-87.25568147282996,34.36082703165313],[-87.25628611332277,34.36082703165313],[-87.25598379307637,34.3602119735602],[-87.25568147282996,34.36082703165313]],[[-87.25568147282996,34.307233172616144],[-87.25628611332277,34.307233172616144],[-87.25628611332277,34.306816539735564],[-87.25568147282996,34.307233172616144]],[[-87.25568147282996,34.311838894877134],[-87.25689282295875,34.31100355997283],[-87.25605458062034,34.31125939093031],[-87.25568147282996,34.311838894877134]],[[-87.25749953259472,34.33570491022954],[-87.25750899682616,34.33523401089526],[-87.25568147282996,34.335288277348965],[-87.25749953259472,34.33570491022954]],[[-87.25568148915885,34.35873385391682],[-87.25628609699389,34.35873385391682],[-87.25628611332277,34.35831688865392],[-87.25568148915885,34.35873385391682]],[[-87.25689489210191,34.26954999048076],[-87.25749953259472,34.26954999048076],[-87.25749953259472,34.26913335760018],[-87.25689489210191,34.26954999048076]],[[-87.25871295186667,34.33444880415836],[-87.25871295186667,34.334032171277784],[-87.25810831137386,34.334032171277784],[-87.25871295186667,34.33444880415836]],[[-87.25871502100983,34.267037778338405],[-87.25931966150264,34.267037778338405],[-87.25931966150264,34.266621145457826],[-87.25871502100983,34.267037778338405]],[[-87.25871502100983,34.33109918796855],[-87.2605330807746,34.330680485944825],[-87.25871502100983,34.32984515104052],[-87.25871502100983,34.33109918796855]],[[-87.25992844028178,34.32481865761265],[-87.2605330807746,34.32481865761265],[-87.2605330807746,34.32440202473208],[-87.25992844028178,34.32481865761265]],[[-87.25992844028178,34.312676298924586],[-87.2605330807746,34.312676298924586],[-87.2605330807746,34.31225966604401],[-87.25992844028178,34.312676298924586]],[[-87.25992844028178,34.27289960667057],[-87.2605330807746,34.27289960667057],[-87.2605330807746,34.27248297379],[-87.25992844028178,34.27289960667057]],[[-87.25992844028178,34.28839158154845],[-87.2605330807746,34.28839158154845],[-87.2605330807746,34.28713754462042],[-87.25992844028178,34.28839158154845]],[[-87.26053304045314,34.283787107668566],[-87.26044922307292,34.28343891942816],[-87.25992844028178,34.284204561311185],[-87.26053304045314,34.283787107668566]],[[-87.26113978164975,34.28252993154707],[-87.26113979041057,34.28211312033571],[-87.26053514991776,34.28211312033571],[-87.26113978164975,34.28252993154707]],[[-87.26114185955373,34.33696308544387],[-87.26114185955373,34.33737971832445],[-87.26174650004654,34.33737971832445],[-87.26114185955373,34.33696308544387]],[[-87.26538675786239,34.29174326688141],[-87.26393724976785,34.29147191943206],[-87.26235527882568,34.29341600583317],[-87.26418280282188,34.2938889743106],[-87.26538675786239,34.29174326688141]],[[-87.26235527882568,34.31728202118558],[-87.26356662895446,34.31728202118558],[-87.26356662895446,34.316865388305004],[-87.26235527882568,34.31728202118558]],[[-87.26235527882568,34.36082910079628],[-87.26296198846165,34.362501839748035],[-87.26295991931849,34.36082910079628],[-87.26235527882568,34.36082910079628]],[[-87.26296038857782,34.350359458006736],[-87.26356662895446,34.349524146155666],[-87.26257705682609,34.34987068069864],[-87.26296038857782,34.350359458006736]],[[-87.26417332592138,34.28964949887782],[-87.26296198846165,34.2883936506916],[-87.26370246514828,34.29013287251337],[-87.26417332592138,34.28964949887782]],[[-87.26296198846165,34.248196187270715],[-87.26356662895446,34.248196187270715],[-87.26356662895446,34.247779554390135],[-87.26296198846165,34.248196187270715]],[[-87.2659096097967,34.34107834351671],[-87.26538674910157,34.33947511925543],[-87.26296198846165,34.338637893538774],[-87.2659096097967,34.34107834351671]],[[-87.26779677966186,34.33571223502106],[-87.26779636935107,34.339362648990196],[-87.27223367757752,34.33940784013384],[-87.2722216359593,34.33209054677211],[-87.26339513116949,34.33203838058074],[-87.26340154478238,34.33568053610446],[-87.26779677966186,34.33571223502106]],[[-87.26356869809763,34.31393447413892],[-87.26356869809763,34.31435110701949],[-87.26417333859044,34.31435110701949],[-87.26356869809763,34.31393447413892]],[[-87.26356869809763,34.33654438342015],[-87.26356871787698,34.336961418918655],[-87.26720688677031,34.33737971832445],[-87.26356869809763,34.33654438342015]],[[-87.26599346749836,34.27750532893156],[-87.26592110028642,34.276698539721295],[-87.26356870685845,34.27624940119118],[-87.26599346749836,34.27750532893156]],[[-87.26478004822641,34.36334131293864],[-87.26416594350216,34.363287046484935],[-87.26417541649442,34.36375812415],[-87.26478004822641,34.36334131293864]],[[-87.2641754077336,34.266200374290946],[-87.26478004822641,34.266200374290946],[-87.26478004822641,34.265783741410374],[-87.2641754077336,34.266200374290946]],[[-87.26478064217808,34.31225756772188],[-87.26516787482903,34.31204928046057],[-87.2641754077336,34.311840964020284],[-87.26478064217808,34.31225756772188]],[[-87.26660017713434,34.2955095159518],[-87.26477265313814,34.294619914593795],[-87.26478211736958,34.29509081392808],[-87.26660017713434,34.2955095159518]],[[-87.26486597507123,34.36466711203104],[-87.26478211736958,34.36585145593784],[-87.26538674910157,34.365015942702755],[-87.26486597507123,34.36466711203104]],[[-87.26478211736958,34.28378585928746],[-87.26538675786239,34.28378585928746],[-87.26538675786239,34.28336922640688],[-87.26478211736958,34.28378585928746]],[[-87.26651631943265,34.27454670508804],[-87.26660017713434,34.27373907986117],[-87.26538882700555,34.27415571274175],[-87.26651631943265,34.27454670508804]],[[-87.26538882700555,34.26954999048076],[-87.26599346749836,34.26954999048076],[-87.26599346749836,34.26913335760018],[-87.26538882700555,34.26954999048076]],[[-87.26660017713434,34.31225759690086],[-87.26660017713434,34.311840964020284],[-87.2656077100389,34.31204928046057],[-87.26660017713434,34.31225759690086]],[[-87.2660793943432,34.341638500726134],[-87.26599553664153,34.34240414260916],[-87.26660017713434,34.34240414260916],[-87.2660793943432,34.341638500726134]],[[-87.26720687800949,34.2754137096253],[-87.26667436545522,34.27504731101104],[-87.26659950983793,34.27586013000241],[-87.26720687800949,34.2754137096253]],[[-87.2666022462775,34.34994077903624],[-87.26720688677031,34.34994077903624],[-87.26720688677031,34.349524146155666],[-87.2666022462775,34.34994077903624]],[[-87.26781359640628,34.31728409032873],[-87.26720895591347,34.31728409032873],[-87.26720895591347,34.317700723209306],[-87.26781359640628,34.31728409032873]],[[-87.26902861556206,34.345335033722016],[-87.26963372531421,34.34533505677525],[-87.26781566554945,34.344499721870946],[-87.26902861556206,34.345335033722016]],[[-87.26781567431027,34.277505507262354],[-87.26902701567823,34.27792403095529],[-87.26902700691741,34.27750721974392],[-87.26781567431027,34.277505507262354]],[[-87.26842237518542,34.363757945819216],[-87.26902701567823,34.363757945819216],[-87.26901772587624,34.3633146416102],[-87.26842237518542,34.363757945819216]],[[-87.2690290848214,34.35705871343959],[-87.26963372531421,34.35705871343959],[-87.26963372531421,34.35664208055901],[-87.2690290848214,34.35705871343959]],[[-87.2690290848214,34.35203635829802],[-87.26963532519804,34.35287167014909],[-87.26963419457354,34.352036381351255],[-87.2690290848214,34.35203635829802]],[[-87.27024042228112,34.30053419812148],[-87.27024043495018,34.30011730735594],[-87.26902909749046,34.30095445351843],[-87.27024042228112,34.30053419812148]],[[-87.26964508425937,34.36210980905274],[-87.27145385422213,34.36166443570058],[-87.26963579445737,34.36124780282],[-87.26964508425937,34.36210980905274]],[[-87.27024166895316,34.281692160987404],[-87.27024043495018,34.28127571628825],[-87.26963579445737,34.28127571628825],[-87.27024166895316,34.281692160987404]],[[-87.27052232324614,34.308456481094076],[-87.2720605638581,34.307653943783016],[-87.26963579445737,34.307653943783016],[-87.27052232324614,34.308456481094076]],[[-87.2702425238727,34.35454816782244],[-87.27024250409335,34.35496520332096],[-87.27084714458616,34.35496520332096],[-87.2702425238727,34.35454816782244]],[[-87.27024250409335,34.36627015796157],[-87.27084714458616,34.36627015796157],[-87.27084714458616,34.36585352508099],[-87.27024250409335,34.36627015796157]],[[-87.27084714458616,34.31016408678223],[-87.27053519251895,34.309467762522075],[-87.2702425238727,34.309747051283715],[-87.27084714458616,34.31016408678223]],[[-87.27084921372932,34.2733183086943],[-87.27145385422213,34.2733183086943],[-87.27145385422213,34.27290167581372],[-87.27084921372932,34.2733183086943]],[[-87.2720605638581,34.28253182235943],[-87.27145468936232,34.282532010540855],[-87.2714559233653,34.28294845524001],[-87.2720605638581,34.28253182235943]],[[-87.2714559233653,34.267037778338405],[-87.2720605638581,34.267037778338405],[-87.2720605638581,34.266621145457826],[-87.2714559233653,34.267037778338405]],[[-87.27206263300127,34.37590030450728],[-87.27266727349408,34.37590030450728],[-87.27266727349408,34.375483671626704],[-87.27206263300127,34.37590030450728]],[[-87.27388277823808,34.33277573282429],[-87.27266934263724,34.33444880415836],[-87.27448739364118,34.33403028046543],[-87.27388277823808,34.33277573282429]],[[-87.27266934263724,34.271224798575666],[-87.27327398313005,34.271224798575666],[-87.27327398313005,34.270808165695094],[-87.27266934263724,34.271224798575666]],[[-87.27266934263724,34.34617452996585],[-87.27327605227322,34.348265970941334],[-87.27327398313005,34.34617452996585],[-87.27266934263724,34.34617452996585]],[[-87.27266934263724,34.28713754462042],[-87.27327558301388,34.28797285647149],[-87.27327445238939,34.28713756767365],[-87.27266934263724,34.28713754462042]],[[-87.27327605227322,34.36878237010393],[-87.27388069276603,34.36878237010393],[-87.27388069276603,34.36836573722336],[-87.27327605227322,34.36878237010393]],[[-87.27327605227322,34.32063163737539],[-87.27388069276603,34.32063163737539],[-87.27388069276603,34.32021500449481],[-87.27327605227322,34.32063163737539]],[[-87.27327605227322,34.30137134428397],[-87.27388069276603,34.30137134428397],[-87.27388069276603,34.30095471140339],[-87.27327605227322,34.30137134428397]],[[-87.274487402402,34.32858904496934],[-87.27388276190919,34.32858904496934],[-87.27388277823808,34.33109952035087],[-87.274487402402,34.32858904496934]],[[-87.27448947154517,34.339891930466806],[-87.27509411203798,34.339891930466806],[-87.27509411203798,34.339475297586226],[-87.27448947154517,34.339891930466806]],[[-87.27448947154517,34.293834707856895],[-87.27509411203798,34.293834707856895],[-87.27509411203798,34.29341807497632],[-87.27448947154517,34.293834707856895]],[[-87.27509618118114,34.35999169674883],[-87.27509618118114,34.3604083296294],[-87.2769142409459,34.35957092558195],[-87.27509618118114,34.35999169674883]],[[-87.27509618118114,34.35370909724978],[-87.27570082167395,34.35370909724978],[-87.27570082167395,34.353292464369204],[-87.27509618118114,34.35370909724978]],[[-87.27509618118114,34.269968692504484],[-87.27570082167395,34.269968692504484],[-87.27570082167395,34.26955205962391],[-87.27509618118114,34.269968692504484]],[[-87.27570289081712,34.362501839748035],[-87.27630753130993,34.362501839748035],[-87.27630753130993,34.362085206867455],[-87.27570289081712,34.362501839748035]],[[-87.27630330483838,34.30297697028245],[-87.28953153117683,34.30307286687571],[-87.2895511174677,34.30672874825729],[-87.29396976640757,34.306781447182104],[-87.2938990321667,34.299471953938074],[-87.27626317040996,34.299318380522614],[-87.27630330483838,34.30297697028245]],[[-87.27630960045309,34.366688859985295],[-87.2769142409459,34.366688859985295],[-87.2769142409459,34.36627222710472],[-87.27630960045309,34.366688859985295]],[[-87.28554416067315,34.36892158393604],[-87.28112398545193,34.36889058412935],[-87.2811425060098,34.37257391885349],[-87.27672377888015,34.372537259750594],[-87.27671167663631,34.37616568695093],[-87.28553003784485,34.37623888998583],[-87.28554416067315,34.36892158393604]],[[-87.27752301972504,34.26954999048076],[-87.27812766021785,34.26954999048076],[-87.27812766021785,34.26913335760018],[-87.27752301972504,34.26954999048076]],[[-87.27934107072898,34.36375983663157],[-87.27812972936101,34.36334131293864],[-87.27873643899699,34.36501405189039],[-87.27934107072898,34.36375983663157]],[[-87.27812972936101,34.28671677345355],[-87.27873436985382,34.28671677345355],[-87.27873436985382,34.28630014057297],[-87.27812972936101,34.28671677345355]],[[-87.27873643899699,34.33361140011091],[-87.2793410794898,34.33361140011091],[-87.2793410794898,34.33319476723033],[-87.27873643899699,34.33361140011091]],[[-87.27873643899699,34.31100355997283],[-87.28116120839772,34.31351370297204],[-87.28116120839772,34.311840964020284],[-87.27873643899699,34.31100355997283]],[[-87.27994985826894,34.29509081392808],[-87.28055449876175,34.29509081392808],[-87.28055449876175,34.2946741810475],[-87.27994985826894,34.29509081392808]],[[-87.28237462766967,34.303466923545756],[-87.28116318478055,34.30346692810278],[-87.27994985826894,34.30472096047378],[-87.28237462766967,34.303466923545756]],[[-87.28055656790491,34.3604083296294],[-87.28116120839772,34.3604083296294],[-87.28116120839772,34.35999169674883],[-87.28055656790491,34.3604083296294]],[[-87.28419475657759,34.32440202473208],[-87.2811632863017,34.32565795247246],[-87.28419475657759,34.32691216773129],[-87.28419475657759,34.32440202473208]],[[-87.28116327754088,34.357896117487044],[-87.2817679180337,34.357896117487044],[-87.2817679180337,34.357479484606465],[-87.28116327754088,34.357896117487044]],[[-87.28116327754088,34.34198544058544],[-87.2817679180337,34.34198544058544],[-87.2817679180337,34.34156880770486],[-87.28116327754088,34.34198544058544]],[[-87.28186023284802,34.33818874589086],[-87.2817679180337,34.33780048949132],[-87.28116327754088,34.33780048949132],[-87.28186023284802,34.33818874589086]],[[-87.28116327754088,34.334867506182086],[-87.2817679180337,34.334867506182086],[-87.2817679180337,34.33445087330151],[-87.28116327754088,34.334867506182086]],[[-87.28176998717686,34.353290395226054],[-87.28237462766967,34.353290395226054],[-87.28237462766967,34.352873762345475],[-87.28176998717686,34.353290395226054]],[[-87.28238478429738,34.31572770332622],[-87.28176999984592,34.31602617299936],[-87.28358803427255,34.31770253446749],[-87.28238478429738,34.31572770332622]],[[-87.28358804694162,34.33905452641935],[-87.28358804694162,34.338637893538774],[-87.28289109163448,34.338666270019814],[-87.28358804694162,34.33905452641935]],[[-87.28358804694162,34.32230851461345],[-87.2829834064488,34.32230851461345],[-87.2829834064488,34.32272514749402],[-87.28358804694162,34.32230851461345]],[[-87.2829834064488,34.28671677345355],[-87.28358804694162,34.28671677345355],[-87.28358804694162,34.28546273652552],[-87.2829834064488,34.28671677345355]],[[-87.28359011608478,34.279600908193345],[-87.28359011608478,34.280017541073924],[-87.28419475657759,34.280017541073924],[-87.28359011608478,34.279600908193345]],[[-87.28359011608478,34.36417664784294],[-87.28419475657759,34.36417664784294],[-87.28419475657759,34.36376001496237],[-87.28359011608478,34.36417664784294]],[[-87.28419477002693,34.3331924243199],[-87.28419475657759,34.33277606520661],[-87.28359011608478,34.33277606520661],[-87.28419477002693,34.3331924243199]],[[-87.2835901248456,34.27164367893019],[-87.28480146621357,34.27206220262312],[-87.28480270021655,34.26997094982906],[-87.2835901248456,34.27164367893019]],[[-87.28480353535673,34.27666999402726],[-87.2841968455001,34.277924433573226],[-87.28601488548551,34.27792403095529],[-87.28480353535673,34.27666999402726]],[[-87.28540817584954,34.334869575325236],[-87.28480352190739,34.33486984909252],[-87.28480353535673,34.335286208205815],[-87.28540817584954,34.334869575325236]],[[-87.28480353535673,34.35370909724978],[-87.28540817584954,34.35370909724978],[-87.28540817584954,34.353292464369204],[-87.28480353535673,34.35370909724978]],[[-87.28480353535673,34.3461724608227],[-87.28540817584954,34.3461724608227],[-87.28539888604755,34.34572915661369],[-87.28480353535673,34.3461724608227]],[[-87.28641718800573,34.37683316535703],[-87.28571256523911,34.37654135248553],[-87.2854102449927,34.37799381462591],[-87.28641718800573,34.37683316535703]],[[-87.2854102449927,34.266619076314676],[-87.28601488548551,34.266619076314676],[-87.28575103682311,34.265964921447434],[-87.2854102449927,34.266619076314676]],[[-87.28783501439344,34.26871465557646],[-87.28601695462868,34.26871465557646],[-87.28601613386662,34.26913124813558],[-87.28783501439344,34.26871465557646]],[[-87.2866005359332,34.34449868729937],[-87.29027459953164,34.34185419409133],[-87.28601695462868,34.34408101984722],[-87.2866005359332,34.34449868729937]],[[-87.2878370835366,34.3738088635318],[-87.28691568835423,34.376682432417866],[-87.28965514330136,34.37757511260219],[-87.288442758601,34.37625744515003],[-87.28965514330136,34.37422756555552],[-87.2878370835366,34.3738088635318]],[[-87.28723037390063,34.3097453847585],[-87.28783501439344,34.3097453847585],[-87.28782572459144,34.30930208054949],[-87.28723037390063,34.3097453847585]],[[-87.28783500563262,34.29802190642495],[-87.28783501439344,34.297605095213584],[-87.28723037390063,34.297605095213584],[-87.28783500563262,34.29802190642495]],[[-87.28783501439344,34.36961977415138],[-87.28784447862488,34.36914887481711],[-87.28723037390063,34.36920314127081],[-87.28783501439344,34.36961977415138]],[[-87.28723037390063,34.276249222860386],[-87.28783501439344,34.276249222860386],[-87.28783501439344,34.27457648390863],[-87.28723037390063,34.276249222860386]],[[-87.2878370835366,34.3382171223719],[-87.2896551567507,34.33821684860462],[-87.28965514330136,34.33780048949132],[-87.2878370835366,34.3382171223719]],[[-87.2878370835366,34.349103374988786],[-87.28844172402941,34.349103374988786],[-87.28844172402941,34.348686742108214],[-87.2878370835366,34.349103374988786]],[[-87.28904843366539,34.36794703519963],[-87.28844379317258,34.36794703519963],[-87.28843432894114,34.36841793453391],[-87.28904843366539,34.36794703519963]],[[-87.28844379317258,34.29215989976199],[-87.28904843366539,34.29215989976199],[-87.28904843366539,34.29174326688141],[-87.28844379317258,34.29215989976199]],[[-87.28845308297457,34.30809724799203],[-87.28904843366539,34.308070576663596],[-87.28904843366539,34.307235241759294],[-87.28845308297457,34.30809724799203]],[[-87.28905050280855,34.2804383122408],[-87.28905050280855,34.280854945121376],[-87.28964585349937,34.28088161644981],[-87.28905050280855,34.2804383122408]],[[-87.28965721244452,34.37003847617511],[-87.29026185293733,34.37003847617511],[-87.29026185293733,34.36962184329453],[-87.28965721244452,34.37003847617511]],[[-87.29208301641684,34.3407524628456],[-87.29086865533364,34.33989400416698],[-87.29069598908758,34.34122299618226],[-87.29208301641684,34.3407524628456]],[[-87.29147527220928,34.34575582794213],[-87.2902639220805,34.34742856689388],[-87.29086856257331,34.34742856689388],[-87.29147527220928,34.34575582794213]],[[-87.2902639220805,34.28252975321628],[-87.29086856257331,34.28252975321628],[-87.29086856257331,34.28211312033571],[-87.2902639220805,34.28252975321628]],[[-87.29147527220928,34.307235241759294],[-87.29087063171647,34.307235241759294],[-87.29087063171647,34.30932668273478],[-87.29147527220928,34.307235241759294]],[[-87.2957222396611,34.32649553485071],[-87.29362623349765,34.328988749896055],[-87.29147734135245,34.32733293889816],[-87.29268972605281,34.33065942675663],[-87.29754236856903,34.32858904496934],[-87.29547378911015,34.32824706115499],[-87.2957222396611,34.32649553485071]],[[-87.29208405098842,34.36166650484373],[-87.2926907606244,34.36292054177176],[-87.29268869148123,34.36166650484373],[-87.29208405098842,34.36166650484373]],[[-87.2926907606244,34.37129665138944],[-87.2926907606244,34.37255068831747],[-87.2932954011172,34.37255068831747],[-87.2926907606244,34.37129665138944]],[[-87.2926907606244,34.31351577211519],[-87.2926907606244,34.31393240499577],[-87.2932954011172,34.31393240499577],[-87.2926907606244,34.31351577211519]],[[-87.29693612819239,34.377156387525226],[-87.298149078205,34.375483671626704],[-87.2926907606244,34.37464626757925],[-87.29693612819239,34.377156387525226]],[[-87.29390417989634,34.33696101630072],[-87.29450882038915,34.33696101630072],[-87.29450882038915,34.33654438342015],[-87.29390417989634,34.33696101630072]],[[-87.29390417989634,34.367107562009025],[-87.29450882038915,34.367107562009025],[-87.29450882038915,34.366690929128445],[-87.29390417989634,34.367107562009025]],[[-87.30728205519252,34.336141789961204],[-87.31167241934669,34.33619116772027],[-87.31166759614835,34.33253527261368],[-87.30727946333978,34.332477642086644],[-87.31149669019644,34.32984308189737],[-87.30727828158138,34.33104015849897],[-87.30727851573387,34.32517406840056],[-87.31165508623654,34.32523172956278],[-87.31164740992487,34.32158683040935],[-87.29836519230926,34.32018825454084],[-87.29836402020457,34.31841287617537],[-87.3030027552928,34.31853812725676],[-87.30293944561171,34.31422812182987],[-87.29848972135001,34.31416482811917],[-87.29843865848216,34.310500783930316],[-87.29400489672653,34.31044553424767],[-87.29414632888711,34.32499465471015],[-87.30290237402494,34.325118998562935],[-87.30289133530653,34.33241985428239],[-87.29633102720106,34.332357184852086],[-87.29843744857001,34.332685636114775],[-87.29754444647301,34.33570508856033],[-87.30289293756621,34.33609225168818],[-87.30289411710086,34.33976189913792],[-87.3072850527176,34.33980318582607],[-87.30728205519252,34.336141789961204]],[[-87.29511553002513,34.37087588022256],[-87.29511553002513,34.370459247341984],[-87.29451088953232,34.370459247341984],[-87.29511553002513,34.37087588022256]],[[-87.29632894929708,34.29215989976199],[-87.29632894929708,34.29174326688141],[-87.29451088953232,34.292580670928864],[-87.29632894929708,34.29215989976199]],[[-87.29451088953232,34.35622130939214],[-87.29511553002513,34.35622130939214],[-87.29511553002513,34.35580467651156],[-87.29451088953232,34.35622130939214]],[[-87.29511553002513,34.28713547547727],[-87.29511553002513,34.2867188425967],[-87.29451088953232,34.2867188425967],[-87.29511553002513,34.28713547547727]],[[-87.29572430880427,34.30597706654496],[-87.29632894929708,34.30597706654496],[-87.29632894929708,34.30556043366439],[-87.29572430880427,34.30597706654496]],[[-87.29632894929708,34.37339016150807],[-87.29572430880427,34.37339016150807],[-87.29582751590337,34.37387939648733],[-87.29632894929708,34.37339016150807]],[[-87.29693772807622,34.36501612103354],[-87.29693772807622,34.36543275391412],[-87.29754236856903,34.36543275391412],[-87.29693772807622,34.36501612103354]],[[-87.29693772807622,34.35538390534469],[-87.29754236856903,34.35538390534469],[-87.29753307876703,34.354940601135674],[-87.29693772807622,34.35538390534469]],[[-87.29693772807622,34.27373701071802],[-87.29754236856903,34.27373701071802],[-87.29754236856903,34.27332037783745],[-87.29693772807622,34.27373701071802]],[[-87.29754443771219,34.3453371259184],[-87.29754443771219,34.34575375879898],[-87.29814948082296,34.34575373901962],[-87.29754443771219,34.3453371259184]],[[-87.29754443771219,34.36292261091491],[-87.29754445749154,34.36333964641342],[-87.298149078205,34.36333924379549],[-87.29754443771219,34.36292261091491]],[[-87.29754443771219,34.28169234916883],[-87.298149078205,34.28169234916883],[-87.298149078205,34.28127571628825],[-87.29754443771219,34.28169234916883]],[[-87.29875578784097,34.29006845878651],[-87.29815114734816,34.29006845878651],[-87.29815114734816,34.29048509166709],[-87.29875578784097,34.29006845878651]],[[-87.29875578784097,34.35370909724978],[-87.29875576806162,34.35329206175127],[-87.29815114734816,34.353292464369204],[-87.29875578784097,34.35370909724978]],[[-87.2986719301393,34.35866382851322],[-87.29875578784097,34.357898186630194],[-87.29815114734816,34.357898186630194],[-87.2986719301393,34.35866382851322]],[[-87.29815114734816,34.348265970941334],[-87.29875578784097,34.348265970941334],[-87.29875578784097,34.34784933806076],[-87.29815114734816,34.348265970941334]],[[-87.29815114734816,34.33821919151505],[-87.29815114734816,34.338635824395624],[-87.29875578784097,34.338635824395624],[-87.29815114734816,34.33821919151505]],[[-87.29875785698414,34.35998962760568],[-87.29936249747695,34.35998962760568],[-87.29936248871613,34.35957281639431],[-87.29875785698414,34.35998962760568]],[[-87.29875785698414,34.35119895425057],[-87.29875787676349,34.351615989749085],[-87.29936249747695,34.35161558713115],[-87.29875785698414,34.35119895425057]],[[-87.29909294414888,34.345250213102034],[-87.29996920711292,34.34533505677525],[-87.29996920711292,34.344918423894676],[-87.29909294414888,34.345250213102034]],[[-87.3005759167489,34.37715641057846],[-87.3005759167489,34.376739777697885],[-87.29936374585806,34.37673981801934],[-87.3005759167489,34.37715641057846]],[[-87.29997127625609,34.2812736471451],[-87.30118262638487,34.2812736471451],[-87.3005759167489,34.279600908193345],[-87.29997127625609,34.2812736471451]],[[-87.30057798589206,34.30932668273478],[-87.30118262638487,34.30932668273478],[-87.30118262638487,34.3089100498542],[-87.30057798589206,34.30932668273478]],[[-87.30057798589206,34.34198544058544],[-87.30118262638487,34.34198544058544],[-87.30118262638487,34.34156880770486],[-87.30057798589206,34.34198544058544]],[[-87.30057798589206,34.28671677345355],[-87.30118262638487,34.28671677345355],[-87.30118262638487,34.28630014057297],[-87.30057798589206,34.28671677345355]],[[-87.30118469552804,34.29676562202298],[-87.30178933602085,34.29676562202298],[-87.30178933602085,34.2963489891424],[-87.30118469552804,34.29676562202298]],[[-87.30188165083517,34.349493700531475],[-87.30178933602085,34.349105444131936],[-87.30118469552804,34.349105444131936],[-87.30188165083517,34.349493700531475]],[[-87.3030950701071,34.28842202717264],[-87.30239811479998,34.2883936506916],[-87.30239811479998,34.288810283572175],[-87.3030950701071,34.28842202717264]],[[-87.30239811479998,34.358733521534496],[-87.3030027552928,34.358733521534496],[-87.3030027552928,34.35831688865392],[-87.30239811479998,34.358733521534496]],[[-87.30360946492877,34.35035948105997],[-87.30360946492877,34.34994284817939],[-87.30291250962163,34.34997122466043],[-87.30360946492877,34.35035948105997]],[[-87.30361153407193,34.31100149082968],[-87.30421617456474,34.31100149082968],[-87.30421617456474,34.3105848579491],[-87.30361153407193,34.31100149082968]],[[-87.30361153407193,34.27666792488411],[-87.30421617456474,34.27666792488411],[-87.30421617456474,34.276251292003536],[-87.30361153407193,34.27666792488411]],[[-87.30421824370791,34.28755624664415],[-87.3041259288936,34.28794450304368],[-87.30481359439872,34.28799955085316],[-87.30421824370791,34.28755624664415]],[[-87.30542959383669,34.36794703519963],[-87.30482495334388,34.36794703519963],[-87.30482495334388,34.36836366808021],[-87.30542959383669,34.36794703519963]],[[-87.30482495334388,34.35831481951077],[-87.30542959383669,34.35831481951077],[-87.30542959383669,34.357898186630194],[-87.30482495334388,34.35831481951077]],[[-87.30482495334388,34.344497652727796],[-87.30542959383669,34.344497652727796],[-87.30542959383669,34.34408101984722],[-87.30482495334388,34.344497652727796]],[[-87.30482495334388,34.27918013702647],[-87.30542959383669,34.27918013702647],[-87.30542959383669,34.27876350414589],[-87.30482495334388,34.27918013702647]],[[-87.30664301310864,34.36082703165313],[-87.30664301310864,34.36041039877255],[-87.30482495334388,34.36082910079628],[-87.30664301310864,34.36082703165313]],[[-87.30603837261583,34.29048509166709],[-87.30664301310864,34.29048509166709],[-87.30603630347267,34.289231054739055],[-87.30603837261583,34.29048509166709]],[[-87.30603837261583,34.30430225845006],[-87.30664301310864,34.30430225845006],[-87.30664301310864,34.30388562556948],[-87.30603837261583,34.30430225845006]],[[-87.30724972274461,34.35580467651156],[-87.3066450822518,34.35580467651156],[-87.3066450822518,34.35622130939214],[-87.30724972274461,34.35580467651156]],[[-87.30724972274461,34.353292464369204],[-87.3066450822518,34.353292464369204],[-87.3066450822518,34.35370909724978],[-87.30724972274461,34.353292464369204]],[[-87.30785643238059,34.34156673856171],[-87.30694740249821,34.34011427642134],[-87.30664509492087,34.34072959239922],[-87.30785643238059,34.34156673856171]],[[-87.30725179188778,34.312676298924586],[-87.30785643238059,34.312676298924586],[-87.30785643238059,34.31225966604401],[-87.30725179188778,34.312676298924586]],[[-87.30785850152375,34.28378585928746],[-87.30846314201656,34.28378585928746],[-87.30846314201656,34.28336922640688],[-87.30785850152375,34.28378585928746]],[[-87.31028327092449,34.32733293889816],[-87.30967863043168,34.32733293889816],[-87.30967863043168,34.32774957177874],[-87.31028327092449,34.32733293889816]],[[-87.31028327092449,34.37380679438865],[-87.31028327092449,34.37339016150807],[-87.30967863043168,34.37339016150807],[-87.31028327092449,34.37380679438865]],[[-87.31088998056046,34.31225966604401],[-87.31028534006765,34.31225966604401],[-87.31028534006765,34.312676298924586],[-87.31088998056046,34.31225966604401]],[[-87.31210339983241,34.37841251664964],[-87.31210339983241,34.37799588376906],[-87.31089204970363,34.37799588376906],[-87.31210339983241,34.37841251664964]],[[-87.31089204970363,34.316863319161854],[-87.31149669019644,34.316863319161854],[-87.31149669019644,34.316446686281274],[-87.31089204970363,34.316863319161854]],[[-87.3114987593396,34.32063163737539],[-87.31210339983241,34.32063163737539],[-87.31210339983241,34.32021500449481],[-87.3114987593396,34.32063163737539]],[[-87.3114987593396,34.34700986487015],[-87.31210339983241,34.34700986487015],[-87.31210546897557,34.34575582794213],[-87.3114987593396,34.34700986487015]],[[-87.31331681910436,34.35622130939214],[-87.31331681910436,34.35580467651156],[-87.31271217861155,34.35580467651156],[-87.31331681910436,34.35622130939214]],[[-87.3145302383763,34.33780048949132],[-87.31331888824752,34.339473228443076],[-87.31392352874033,34.339473228443076],[-87.3145302383763,34.33780048949132]],[[-87.31462255319062,34.37886166429756],[-87.3139255978835,34.37883328781652],[-87.31392561421238,34.37925025307941],[-87.31462255319062,34.37886166429756]],[[-87.3145302383763,34.36794496605648],[-87.3145302383763,34.367528333175905],[-87.3139255978835,34.367528333175905],[-87.3145302383763,34.36794496605648]],[[-87.3139255978835,34.33403010213463],[-87.31574364888743,34.333192876417975],[-87.31513854789611,34.33277608825984],[-87.3139255978835,34.33403010213463]],[[-87.3142279181299,34.38072837272279],[-87.31392560664432,34.38134360914652],[-87.31574365764826,34.38259953688691],[-87.31513693925146,34.38134532162808],[-87.3142279181299,34.38072837272279]],[[-87.31453230751947,34.31979423332793],[-87.31513694801228,34.31979423332793],[-87.31513694801228,34.31937760044736],[-87.31453230751947,34.31979423332793]],[[-87.3169570769202,34.32649346570756],[-87.3169570769202,34.326076832826985],[-87.31513901715545,34.32649553485071],[-87.3169570769202,34.32649346570756]],[[-87.32024940822397,34.37627665945418],[-87.32908333081305,34.37639891022627],[-87.32903582856278,34.37272941289502],[-87.32017830943089,34.372620963102555],[-87.32024940822397,34.37627665945418]],[[-87.31592501551991,34.37625491335456],[-87.31598093221167,34.37988865949763],[-87.32032050402697,34.37992960479168],[-87.32024940822397,34.37627665945418],[-87.31592501551991,34.37625491335456]],[[-87.32239640445569,34.33905556099093],[-87.321810754008,34.3373817874676],[-87.3163524364274,34.33780048949132],[-87.32059940387921,34.34114803653799],[-87.32239640445569,34.33905556099093]],[[-87.31817256533532,34.31853812725676],[-87.31877720582813,34.31853812725676],[-87.31877720582813,34.31812149437618],[-87.31817256533532,34.31853812725676]],[[-87.3193839154641,34.35245506032175],[-87.31877927497129,34.35245506032175],[-87.31877927497129,34.352871693202324],[-87.3193839154641,34.35245506032175]],[[-87.32059940387921,34.35831688865392],[-87.32059940387921,34.358733521534496],[-87.32120404437202,34.358733521534496],[-87.32059940387921,34.35831688865392]],[[-87.32241746364397,34.37087588022256],[-87.32241746364397,34.370459247341984],[-87.32059940387921,34.37087794936571],[-87.32241746364397,34.37087588022256]],[[-87.32311654696673,34.357089048921125],[-87.32241953278714,34.35706078258274],[-87.32241829878416,34.35747722728189],[-87.32311654696673,34.357089048921125]],[[-87.32302417327995,34.38218083486318],[-87.32302417327995,34.3817642019826],[-87.32241953278714,34.3817642019826],[-87.32302417327995,34.38218083486318]],[[-87.32302500842013,34.333194955411756],[-87.32363296081991,34.33486768451288],[-87.32505953977675,34.33434924607448],[-87.32302500842013,34.333194955411756]],[[-87.32423758379107,34.40228042281441],[-87.32302624242311,34.40186189912147],[-87.32302625118393,34.402278710332844],[-87.32423758379107,34.40228042281441]],[[-87.32363088291592,34.39139227938516],[-87.32363088291592,34.390975646504586],[-87.32302624242311,34.390975646504586],[-87.32363088291592,34.39139227938516]],[[-87.32302624242311,34.34115010568114],[-87.32302624242311,34.34156673856171],[-87.32363088291592,34.34156673856171],[-87.32302624242311,34.34115010568114]],[[-87.3241978226747,34.3564850894566],[-87.32605772145982,34.35622130939214],[-87.32423966169506,34.35580467651156],[-87.3241978226747,34.3564850894566]],[[-87.32484430218787,34.39809151176478],[-87.32484430218787,34.3976748788842],[-87.32423966169506,34.3976748788842],[-87.32484430218787,34.39809151176478]],[[-87.32484430218787,34.35370909724978],[-87.32484430218787,34.353292464369204],[-87.32423966169506,34.353292464369204],[-87.32484430218787,34.35370909724978]],[[-87.32545101182384,34.36459534986667],[-87.32545101182384,34.36376001496237],[-87.32484637133103,34.36376001496237],[-87.32545101182384,34.36459534986667]],[[-87.32545101182384,34.3604083296294],[-87.32545101182384,34.3595729947251],[-87.32484637133103,34.3595729947251],[-87.32545101182384,34.3604083296294]],[[-87.32545101182384,34.34072933451426],[-87.32585331434406,34.338731281197916],[-87.32484637133103,34.338637893538774],[-87.32545101182384,34.34072933451426]],[[-87.32545308096701,34.37883328781652],[-87.32545308096701,34.37924992069709],[-87.32632934393105,34.37916507702388],[-87.32545308096701,34.37883328781652]],[[-87.32605772145982,34.41065257247658],[-87.32605772145982,34.410235939596],[-87.32545308096701,34.410235939596],[-87.32605772145982,34.41065257247658]],[[-87.32605979060298,34.38385564295808],[-87.3266644310958,34.38385564295808],[-87.3266644310958,34.38343901007751],[-87.32605979060298,34.38385564295808]],[[-87.3266644310958,34.36920107212766],[-87.3266644310958,34.36878443924708],[-87.32605979060298,34.36878443924708],[-87.3266644310958,34.36920107212766]],[[-87.3266644310958,34.349103374988786],[-87.3266644310958,34.348686742108214],[-87.32605979060298,34.348686742108214],[-87.3266644310958,34.349103374988786]],[[-87.32727114073177,34.33821919151505],[-87.32635181469256,34.338580548258754],[-87.3266656794769,34.33863578407417],[-87.32727114073177,34.33821919151505]],[[-87.32727114073177,34.38846136521907],[-87.32727114073177,34.3880447323385],[-87.32666650023896,34.3880447323385],[-87.32727114073177,34.38846136521907]],[[-87.32727114073177,34.35454650129723],[-87.32727114073177,34.354129868416656],[-87.32666650023896,34.354129868416656],[-87.32727114073177,34.35454650129723]],[[-87.32727280725697,34.379668602941464],[-87.32787785036774,34.37966862272082],[-87.32787785036774,34.37925198984024],[-87.32727280725697,34.379668602941464]],[[-87.32969797927566,34.39222968343261],[-87.32969797927566,34.39181305055204],[-87.32909333878285,34.39181305055204],[-87.32969797927566,34.39222968343261]],[[-87.33030468891164,34.35203635829802],[-87.32970004841883,34.35203635829802],[-87.32970004841883,34.3524529911786],[-87.33030468891164,34.35203635829802]],[[-87.33091139854761,34.39809151176478],[-87.33091139854761,34.3976748788842],[-87.3303067580548,34.3976748788842],[-87.33091139854761,34.39809151176478]],[[-87.33091346769078,34.35706078258274],[-87.33091346769078,34.357477415463315],[-87.33151810818359,34.357477415463315],[-87.33091346769078,34.35706078258274]],[[-87.33151810818359,34.349522077012516],[-87.33151810818359,34.349105444131936],[-87.33091346769078,34.349105444131936],[-87.33151810818359,34.349522077012516]],[[-87.33091346769078,34.36920107212766],[-87.33333823709151,34.37003847617511],[-87.33152017732675,34.367528333175905],[-87.33091346769078,34.36920107212766]],[[-87.33152017732675,34.39516266674185],[-87.33152017732675,34.395579299622426],[-87.33212481781956,34.395579299622426],[-87.33152017732675,34.39516266674185]],[[-87.3327335965987,34.3516176562743],[-87.33233257523683,34.35272105042497],[-87.33333823709151,34.352871693202324],[-87.3327335965987,34.3516176562743]],[[-87.3326215777574,34.361884150949244],[-87.33162125119902,34.361873258817724],[-87.33159329551978,34.36325795783558],[-87.3326215777574,34.361884150949244]],[[-87.33212688696273,34.40688425426304],[-87.33333822442245,34.40562840607682],[-87.33212688696273,34.40437411126383],[-87.33212688696273,34.40688425426304]],[[-87.33334030623467,34.39683747483675],[-87.33334030623467,34.39725410771733],[-87.33515836599943,34.39725410771733],[-87.33334030623467,34.39683747483675]],[[-87.33334030623467,34.3595729947251],[-87.33334030623467,34.35998962760568],[-87.33394618073046,34.359989439424254],[-87.33334030623467,34.3595729947251]],[[-87.33394494672748,34.39976631985969],[-87.33394494672748,34.399349686979114],[-87.33334030623467,34.399349686979114],[-87.33394494672748,34.39976631985969]],[[-87.33394701587065,34.36459534986667],[-87.33554619260207,34.36438703342638],[-87.33455165636346,34.36334131293864],[-87.33394701587065,34.36459534986667]],[[-87.33455249150364,34.350777994902266],[-87.33515836599943,34.35077818308369],[-87.33515836599943,34.35036155020312],[-87.33455249150364,34.350777994902266]],[[-87.33637178527138,34.344497652727796],[-87.33455372550662,34.343662317823494],[-87.33455372550662,34.34407895070407],[-87.33637178527138,34.344497652727796]],[[-87.33576507563541,34.38301823891063],[-87.33576507563541,34.38260160603006],[-87.3351604351426,34.38260160603006],[-87.33576507563541,34.38301823891063]],[[-87.3351604351426,34.36124573367685],[-87.33576507563541,34.36124573367685],[-87.33576507563541,34.36082910079628],[-87.3351604351426,34.36124573367685]],[[-87.33637178527138,34.37799588376906],[-87.33576714477857,34.37799588376906],[-87.33576714477857,34.380087324744544],[-87.33637178527138,34.37799588376906]],[[-87.33598602781191,34.364387033426375],[-87.3381919141793,34.36459534986667],[-87.3381919141793,34.36417871698609],[-87.33598602781191,34.364387033426375]],[[-87.33637385441455,34.3960000707893],[-87.33628153960022,34.39638832718884],[-87.33697849490736,34.39641670366988],[-87.33637385441455,34.3960000707893]],[[-87.33697849490736,34.349103374988786],[-87.33697849490736,34.348686742108214],[-87.33637385441455,34.348686742108214],[-87.33697849490736,34.349103374988786]],[[-87.33758680442716,34.40144110490136],[-87.33879862381528,34.40144112795459],[-87.33637385441455,34.40060579305029],[-87.33758680442716,34.40144110490136]],[[-87.33940532469043,34.36752644236355],[-87.33819399208329,34.36752815484511],[-87.3381919141793,34.36920107212766],[-87.33940532469043,34.36752644236355]],[[-87.33879862381528,34.35580260736841],[-87.33979316005389,34.35391948283321],[-87.33819398332247,34.35371116639293],[-87.33879862381528,34.35580260736841]],[[-87.33880069295844,34.38050809591142],[-87.33880069295844,34.380924728791996],[-87.33940533345125,34.380924728791996],[-87.33880069295844,34.38050809591142]],[[-87.33940533345125,34.39139227938516],[-87.33940533345125,34.390975646504586],[-87.33880069295844,34.390975646504586],[-87.33940533345125,34.39139227938516]],[[-87.34001204308723,34.35077818308369],[-87.34001204308723,34.35036155020312],[-87.33940740259442,34.35036155020312],[-87.34001204308723,34.35077818308369]],[[-87.34243888163113,34.426565318521334],[-87.33940741135524,34.428239948285444],[-87.3406187527232,34.42865675949681],[-87.34243888163113,34.426565318521334]],[[-87.34023299526373,34.35391948283321],[-87.34122546235918,34.354127799273506],[-87.34122546235918,34.35371116639293],[-87.34023299526373,34.35391948283321]],[[-87.34062082186637,34.40772372745364],[-87.34062082186637,34.408140360334215],[-87.34122546235918,34.408140360334215],[-87.34062082186637,34.40772372745364]],[[-87.3430455912671,34.40939853554855],[-87.34244095077429,34.40939853554855],[-87.34244095077429,34.41065257247658],[-87.3430455912671,34.40939853554855]],[[-87.34486572017502,34.34072933451426],[-87.34486572017502,34.340312701633685],[-87.34365437004624,34.340312701633685],[-87.34486572017502,34.34072933451426]],[[-87.34486572017502,34.3382171223719],[-87.34486572017502,34.33780048949132],[-87.34426107968221,34.33780048949132],[-87.34486572017502,34.3382171223719]],[[-87.345472429811,34.372131986293745],[-87.345472429811,34.371715353413165],[-87.34486778931819,34.371715353413165],[-87.345472429811,34.372131986293745]],[[-87.34608120859014,34.41609569878502],[-87.34668584908295,34.41609569878502],[-87.34668584908295,34.41567906590444],[-87.34608120859014,34.41609569878502]],[[-87.34666363522867,34.384044206748975],[-87.351013119559,34.38412251766323],[-87.35100212757133,34.38784439108893],[-87.3553394355002,34.38793632631347],[-87.35538493307578,34.38045952419632],[-87.35175914691258,34.38040829243476],[-87.35175438307706,34.38223563015581],[-87.34666345255874,34.3822370469995],[-87.34666363522867,34.384044206748975]],[[-87.34729255871892,34.380087324744544],[-87.34729255871892,34.37967069186397],[-87.34668791822611,34.37967069186397],[-87.34729255871892,34.380087324744544]],[[-87.3478992683549,34.39139227938516],[-87.3478992683549,34.390975646504586],[-87.34729462786208,34.390975646504586],[-87.3478992683549,34.39139227938516]],[[-87.3478992683549,34.33403010213463],[-87.3478992683549,34.33361346925406],[-87.34729462786208,34.33361346925406],[-87.3478992683549,34.33403010213463]],[[-87.34850597799087,34.41023387045285],[-87.34850597799087,34.40981723757228],[-87.34790133749806,34.40981723757228],[-87.34850597799087,34.41023387045285]],[[-87.34850804713403,34.40604685021559],[-87.34911268762684,34.40604685021559],[-87.34911268762684,34.40563021733501],[-87.34850804713403,34.40604685021559]],[[-87.34911268762684,34.3382171223719],[-87.34911268762684,34.33780048949132],[-87.34850804713403,34.33780048949132],[-87.34911268762684,34.3382171223719]],[[-87.34971939726282,34.3888800672428],[-87.34971939726282,34.38846343436222],[-87.34850804713403,34.38846343436222],[-87.34971939726282,34.3888800672428]],[[-87.35032610689879,34.4022806011452],[-87.34972146640598,34.4022806011452],[-87.34972146640598,34.40269723402577],[-87.35032610689879,34.4022806011452]],[[-87.34972146640598,34.344499721870946],[-87.34972146640598,34.344916354751525],[-87.35032610689879,34.344916354751525],[-87.34972146640598,34.344499721870946]],[[-87.35092542144649,34.343714515134046],[-87.35153952617074,34.343660248680344],[-87.35153952617074,34.343243615799764],[-87.35092542144649,34.343714515134046]],[[-87.35153023636875,34.39476856690341],[-87.35153952617074,34.394325262694394],[-87.35093488567793,34.394325262694394],[-87.35153023636875,34.39476856690341]],[[-87.3515415953139,34.40562814819186],[-87.35214623580671,34.40562814819186],[-87.35214623580671,34.40521151531128],[-87.3515415953139,34.40562814819186]],[[-87.35214623580671,34.39181098140889],[-87.35214623580671,34.39139434852831],[-87.3515415953139,34.39139434852831],[-87.35214623580671,34.39181098140889]],[[-87.35367434062506,34.39731145299735],[-87.35215759475187,34.395973399460864],[-87.35154160407473,34.397254286048124],[-87.35367434062506,34.39731145299735]],[[-87.35777756600868,34.40603712010645],[-87.35781975623372,34.40238250797957],[-87.36011586740062,34.40239738724118],[-87.36006975064407,34.400533311391165],[-87.35568717367896,34.40058904687229],[-87.35458090509137,34.39873588021936],[-87.3557362098835,34.402368968855264],[-87.3539684338578,34.40604685021559],[-87.35777756600868,34.40603712010645]],[[-87.35417284097356,34.39716072005819],[-87.35517978398659,34.39725410771733],[-87.35517978398659,34.3960000707893],[-87.35417284097356,34.39716072005819]],[[-87.35457515982266,34.37464593519693],[-87.35457514349378,34.37506290045983],[-87.35517978398659,34.37506290045983],[-87.35457515982266,34.37464593519693]],[[-87.35942882058157,34.39306708748006],[-87.3618535899823,34.39139434852831],[-87.35457514349378,34.390975646504586],[-87.35875997441003,34.391366362494146],[-87.35942882058157,34.39306708748006]],[[-87.35457515982266,34.37296972272352],[-87.35487746374018,34.37316781555355],[-87.35517978398659,34.372134055436895],[-87.35457515982266,34.37296972272352]],[[-87.35578809350639,34.387626053368],[-87.35518185312975,34.38846136521907],[-87.35639319449771,34.38804284152614],[-87.35578809350639,34.387626053368]],[[-87.35560096829289,34.39745509365652],[-87.36000054469626,34.39741716673655],[-87.35998119972572,34.39695368545569],[-87.35560096829289,34.39745509365652]],[[-87.35578856276572,34.394323193551244],[-87.35639320325853,34.394323193551244],[-87.35639320325853,34.393906560670665],[-87.35578856276572,34.394323193551244]],[[-87.35882004180243,34.4031159360495],[-87.35882004180243,34.40269930316892],[-87.35821540130962,34.40269930316892],[-87.35882004180243,34.4031159360495]],[[-87.3594267514384,34.38427434498181],[-87.3594267514384,34.38385771210123],[-87.3588221109456,34.38385771210123],[-87.3594267514384,34.38427434498181]],[[-87.36421652107562,34.38143468028049],[-87.36792067758122,34.38008750307534],[-87.36731604584924,34.37883328781652],[-87.36428267962526,34.38134527824498],[-87.36428249766936,34.37841458579279],[-87.36668954239826,34.377746563883754],[-87.36602843714817,34.37581557389976],[-87.35982356942928,34.376812669849],[-87.35978182796683,34.38430046079348],[-87.36483061087637,34.38485337800555],[-87.36421652107562,34.38143468028049]],[[-87.36064017071035,34.35998962760568],[-87.36064017071035,34.3595729947251],[-87.36003553021754,34.3595729947251],[-87.36064017071035,34.35998962760568]],[[-87.36124688034633,34.367107562009025],[-87.36158440789664,34.36557852699193],[-87.36284812622091,34.36522443747383],[-87.36064223985352,34.36459741900982],[-87.36124688034633,34.367107562009025]],[[-87.36124688034633,34.41023387045285],[-87.36124688034633,34.40981723757228],[-87.36064223985352,34.40981723757228],[-87.36124688034633,34.41023387045285]],[[-87.36358986118857,34.36173619786496],[-87.36306907839742,34.36292054177176],[-87.36367371889023,34.36292054177176],[-87.36358986118857,34.36173619786496]],[[-87.36328796143076,34.36522443747383],[-87.36488754078013,34.365432734134764],[-87.3651587606334,34.365100964706755],[-87.36328796143076,34.36522443747383]],[[-87.3642804285262,34.36041039877255],[-87.36367578803339,34.36041039877255],[-87.36375964573504,34.36117604065563],[-87.3642804285262,34.36041039877255]],[[-87.36488713816217,34.34994077903624],[-87.36488713816217,34.349524146155666],[-87.36428249766936,34.349524146155666],[-87.36488713816217,34.34994077903624]],[[-87.36488920730534,34.40269723402577],[-87.36549384779815,34.40269723402577],[-87.36549384779815,34.4022806011452],[-87.36488920730534,34.40269723402577]],[[-87.36610055743412,34.34700986487015],[-87.36610055743412,34.34659323198958],[-87.36549591694131,34.34659323198958],[-87.36610055743412,34.34700986487015]],[[-87.36549591694131,34.3888800672428],[-87.36637217990535,34.38854827803544],[-87.36610132343291,34.38846347199333],[-87.36549591694131,34.3888800672428]],[[-87.36583100410606,34.36492920821718],[-87.3667072670701,34.36501405189039],[-87.3667072670701,34.36459741900982],[-87.36583100410606,34.36492920821718]],[[-87.36610262657729,34.39851021378851],[-87.36731397670607,34.39851021378851],[-87.36731397670607,34.39809358090793],[-87.36610262657729,34.39851021378851]],[[-87.36731397670607,34.39264838545634],[-87.36731397670607,34.39223175257576],[-87.36670933621326,34.39223175257576],[-87.36731397670607,34.39264838545634]],[[-87.36670933621326,34.35496520332096],[-87.36731397670607,34.35496520332096],[-87.36731396037719,34.35454823805806],[-87.36670933621326,34.35496520332096]],[[-87.36770180330869,34.35266337676204],[-87.36670933621326,34.35245506032175],[-87.36701165645967,34.35307011841468],[-87.36770180330869,34.35266337676204]],[[-87.367044423378,34.38837652154586],[-87.36792068634205,34.38846136521907],[-87.36852739597802,34.38720732829105],[-87.367044423378,34.38837652154586]],[[-87.36852786523735,34.40311591299627],[-87.36974080648915,34.402278710332844],[-87.36792275548521,34.40144319709774],[-87.36852786523735,34.40311591299627]],[[-87.36814163851857,34.35266337676204],[-87.369134105614,34.352871693202324],[-87.369134105614,34.35245506032175],[-87.36814163851857,34.35266337676204]],[[-87.369134105614,34.376739777697885],[-87.36852946512118,34.376739777697885],[-87.36852946512118,34.37715641057846],[-87.369134105614,34.376739777697885]],[[-87.36852947779025,34.37087769148075],[-87.369134105614,34.37255068831747],[-87.36974081524997,34.37004054531826],[-87.36852947779025,34.37087769148075]],[[-87.37216765379387,34.40144112795459],[-87.37156094415789,34.40018709102657],[-87.37156301330106,34.40144112795459],[-87.37216765379387,34.40144112795459]],[[-87.37095630366508,34.362503908891185],[-87.37095630366508,34.36292054177176],[-87.37156094415789,34.36292054177176],[-87.37095630366508,34.362503908891185]],[[-87.37156094415789,34.39264838545634],[-87.37156094415789,34.39223175257576],[-87.37095630366508,34.39223175257576],[-87.37156094415789,34.39264838545634]],[[-87.37338380950538,34.35038909022572],[-87.37277436342984,34.34743063603703],[-87.37216972293703,34.35035948105997],[-87.37338380950538,34.35038909022572]],[[-87.37216972293703,34.37338809236492],[-87.37338106039675,34.37255094620243],[-87.372776432573,34.372134055436895],[-87.37216972293703,34.37338809236492]],[[-87.37338107306581,34.36166650484373],[-87.372776432573,34.36166650484373],[-87.3726841177587,34.362054761243265],[-87.37338107306581,34.36166650484373]],[[-87.37398985184495,34.39809358090793],[-87.37398985184495,34.39851021378851],[-87.37459449233776,34.39851021378851],[-87.37398985184495,34.39809358090793]],[[-87.37398985184495,34.38385771210123],[-87.37398985184495,34.38427434498181],[-87.374866114809,34.3841895013086],[-87.37398985184495,34.38385771210123]],[[-87.37631141414658,34.38420381202628],[-87.37553835828164,34.384361257798176],[-87.37641462124569,34.384693047005534],[-87.37631141414658,34.38420381202628]]]]}}]}